SaleID,SaleDate,CustomerID,ProductID,Quantity,UnitPrice,TotalAmount,Region
1,2024-06-04,46,2,5,1449.1,7245.5,South
2,2024-11-01,27,6,8,1900.29,15202.32,Central
3,2024-07-22,85,9,8,1057.98,8463.84,North
4,2024-06-23,14,7,4,2617.54,10470.16,East
5,2024-04-05,99,11,6,1149.56,6897.36,South
6,2024-10-17,72,5,7,996.71,6976.97,South
7,2024-04-29,5,15,9,2404.15,21637.35,South
8,2024-04-08,95,1,4,349.88,1399.52,West
9,2024-04-06,79,8,1,1125.89,1125.89,East
10,2024-05-30,70,2,4,1449.1,5796.4,Central
11,2024-01-28,6,5,10,996.71,9967.1,West
12,2024-07-08,95,2,7,1449.1,10143.7,South
13,2024-12-13,96,5,7,996.71,6976.97,West
14,2024-07-26,45,8,9,1125.89,10133.01,North
15,2024-04-14,97,4,7,192.66,1348.62,North
16,2024-08-27,28,12,7,2154.78,15083.46,North
17,2024-11-17,73,9,9,1057.98,9521.82,East
18,2024-04-04,4,12,2,2154.78,4309.56,Central
19,2024-07-19,81,4,10,192.66,1926.6,North
20,2024-12-14,42,14,1,1021.0,1021.0,West
21,2024-05-03,95,14,9,1021.0,9189.0,East
22,2024-09-17,47,15,4,2404.15,9616.6,South
23,2024-03-18,90,14,8,1021.0,8168.0,North
24,2024-07-23,96,14,5,1021.0,5105.0,East
25,2024-09-30,100,5,9,996.71,8970.39,North
26,2024-11-22,84,8,1,1125.89,1125.89,East
27,2024-12-19,98,9,8,1057.98,8463.84,North
28,2024-03-15,88,6,7,1900.29,13302.03,South
29,2024-09-06,6,7,6,2617.54,15705.24,East
30,2024-10-11,12,14,1,1021.0,1021.0,North
31,2024-04-28,18,2,5,1449.1,7245.5,Central
32,2024-10-24,27,12,2,2154.78,4309.56,South
33,2024-06-13,80,1,9,349.88,3148.92,North
34,2024-10-08,81,4,7,192.66,1348.62,North
35,2024-08-25,61,14,1,1021.0,1021.0,North
36,2024-01-02,84,11,7,1149.56,8046.92,South
37,2024-04-26,29,2,9,1449.1,13041.9,East
38,2024-11-21,47,1,8,349.88,2799.04,East
39,2024-06-14,11,11,1,1149.56,1149.56,North
40,2024-02-02,4,1,4,349.88,1399.52,North
41,2024-08-13,7,12,5,2154.78,10773.9,North
42,2024-03-31,5,7,5,2617.54,13087.7,North
43,2024-08-01,82,10,8,2510.69,20085.52,East
44,2024-03-14,37,15,9,2404.15,21637.35,West
45,2024-11-21,94,9,8,1057.98,8463.84,North
46,2024-10-01,10,14,10,1021.0,10210.0,South
47,2024-07-04,1,7,7,2617.54,18322.78,East
48,2024-12-06,29,1,9,349.88,3148.92,Central
49,2024-04-29,1,10,2,2510.69,5021.38,South
50,2024-12-13,34,12,7,2154.78,15083.46,Central
51,2024-12-07,15,4,9,192.66,1733.94,South
52,2024-01-15,35,8,5,1125.89,5629.45,North
53,2024-03-31,55,15,2,2404.15,4808.3,Central
54,2024-08-01,15,1,6,349.88,2099.28,West
55,2024-04-06,39,14,3,1021.0,3063.0,West
56,2024-03-03,83,2,1,1449.1,1449.1,West
57,2024-11-23,3,14,9,1021.0,9189.0,East
58,2024-07-14,42,3,8,2346.24,18769.92,South
59,2024-10-28,61,2,1,1449.1,1449.1,Central
60,2024-02-26,86,6,6,1900.29,11401.74,West
61,2024-05-22,48,7,4,2617.54,10470.16,Central
62,2024-09-18,71,6,9,1900.29,17102.61,West
63,2024-02-10,66,12,4,2154.78,8619.12,West
64,2024-01-09,42,10,3,2510.69,7532.07,North
65,2024-11-26,5,15,5,2404.15,12020.75,South
66,2024-10-27,100,6,2,1900.29,3800.58,South
67,2024-06-23,95,8,2,1125.89,2251.78,West
68,2024-01-14,16,8,6,1125.89,6755.34,East
69,2024-11-09,12,4,8,192.66,1541.28,South
70,2024-11-23,87,3,6,2346.24,14077.44,Central
71,2024-09-14,31,6,5,1900.29,9501.45,South
72,2024-08-31,34,13,2,357.54,715.08,East
73,2024-01-26,35,4,4,192.66,770.64,West
74,2024-07-19,69,2,7,1449.1,10143.7,West
75,2024-10-05,18,12,3,2154.78,6464.34,West
76,2024-02-22,1,15,5,2404.15,12020.75,East
77,2024-12-17,27,6,10,1900.29,19002.9,South
78,2024-10-23,13,9,1,1057.98,1057.98,South
79,2024-12-10,9,8,10,1125.89,11258.9,East
80,2024-03-12,97,6,4,1900.29,7601.16,Central
81,2024-04-03,77,6,1,1900.29,1900.29,East
82,2024-06-24,56,7,1,2617.54,2617.54,Central
83,2024-07-22,40,14,8,1021.0,8168.0,South
84,2024-12-10,27,12,10,2154.78,21547.8,South
85,2024-04-25,73,12,4,2154.78,8619.12,West
86,2024-01-17,86,1,4,349.88,1399.52,South
87,2024-04-10,26,6,9,1900.29,17102.61,West
88,2024-01-12,35,7,4,2617.54,10470.16,North
89,2024-05-20,82,4,7,192.66,1348.62,Central
90,2024-09-07,97,10,7,2510.69,17574.83,South
91,2024-07-09,81,12,1,2154.78,2154.78,West
92,2024-09-22,87,8,6,1125.89,6755.34,North
93,2024-09-06,90,11,10,1149.56,11495.6,Central
94,2024-01-11,26,1,9,349.88,3148.92,West
95,2024-08-31,90,13,9,357.54,3217.86,South
96,2024-07-18,58,7,9,2617.54,23557.86,East
97,2024-04-30,77,10,5,2510.69,12553.45,West
98,2024-06-26,100,14,4,1021.0,4084.0,Central
99,2024-08-29,57,10,6,2510.69,15064.14,West
100,2024-10-07,19,1,1,349.88,349.88,South
101,2024-03-16,66,13,1,357.54,357.54,West
102,2024-03-05,91,1,10,349.88,3498.8,East
103,2024-01-18,15,15,3,2404.15,7212.45,West
104,2024-08-25,77,2,3,1449.1,4347.3,West
105,2024-06-09,33,8,1,1125.89,1125.89,North
106,2024-06-25,41,6,9,1900.29,17102.61,Central
107,2024-11-19,40,2,6,1449.1,8694.6,West
108,2024-10-04,15,11,5,1149.56,5747.8,East
109,2024-04-15,71,8,10,1125.89,11258.9,North
110,2024-04-19,92,15,9,2404.15,21637.35,Central
111,2024-04-14,10,10,5,2510.69,12553.45,East
112,2024-05-06,64,2,10,1449.1,14491.0,East
113,2024-09-20,22,8,6,1125.89,6755.34,West
114,2024-04-23,70,15,10,2404.15,24041.5,Central
115,2024-08-17,56,14,8,1021.0,8168.0,Central
116,2024-10-24,60,2,8,1449.1,11592.8,North
117,2024-02-17,38,14,2,1021.0,2042.0,West
118,2024-03-30,39,5,8,996.71,7973.68,Central
119,2024-02-13,95,3,2,2346.24,4692.48,West
120,2024-07-01,22,11,9,1149.56,10346.04,South
121,2024-08-09,83,1,6,349.88,2099.28,South
122,2024-01-04,86,9,10,1057.98,10579.8,Central
123,2024-01-22,62,8,4,1125.89,4503.56,Central
124,2024-03-17,34,5,1,996.71,996.71,East
125,2024-06-28,18,13,10,357.54,3575.4,Central
126,2024-08-27,28,6,6,1900.29,11401.74,Central
127,2024-04-10,39,5,7,996.71,6976.97,South
128,2024-01-25,92,8,5,1125.89,5629.45,North
129,2024-02-19,77,15,8,2404.15,19233.2,East
130,2024-12-30,60,6,5,1900.29,9501.45,South
131,2024-07-14,29,2,6,1449.1,8694.6,South
132,2024-01-11,47,8,6,1125.89,6755.34,South
133,2024-09-18,66,4,9,192.66,1733.94,West
134,2024-08-25,94,9,3,1057.98,3173.94,North
135,2024-08-26,43,2,10,1449.1,14491.0,West
136,2024-11-02,26,7,2,2617.54,5235.08,Central
137,2024-11-20,98,14,6,1021.0,6126.0,West
138,2024-02-10,43,3,8,2346.24,18769.92,East
139,2024-08-28,92,6,9,1900.29,17102.61,West
140,2024-04-13,24,6,2,1900.29,3800.58,South
141,2024-06-30,11,1,1,349.88,349.88,Central
142,2024-01-16,18,7,5,2617.54,13087.7,West
143,2024-05-18,44,1,3,349.88,1049.64,South
144,2024-11-01,15,9,9,1057.98,9521.82,Central
145,2024-02-23,9,1,4,349.88,1399.52,East
146,2024-10-10,66,13,1,357.54,357.54,West
147,2024-12-01,45,2,5,1449.1,7245.5,South
148,2024-12-22,1,5,9,996.71,8970.39,Central
149,2024-06-16,28,6,8,1900.29,15202.32,Central
150,2024-02-17,8,13,2,357.54,715.08,East
151,2024-02-12,75,9,1,1057.98,1057.98,North
152,2024-06-23,25,8,4,1125.89,4503.56,East
153,2024-07-18,35,14,7,1021.0,7147.0,South
154,2024-09-21,26,3,5,2346.24,11731.2,West
155,2024-12-22,69,14,7,1021.0,7147.0,North
156,2024-08-20,27,8,7,1125.89,7881.23,North
157,2024-08-25,1,6,8,1900.29,15202.32,East
158,2024-07-21,38,5,6,996.71,5980.26,West
159,2024-04-05,93,12,7,2154.78,15083.46,West
160,2024-03-14,9,9,5,1057.98,5289.9,West
161,2024-04-02,52,11,10,1149.56,11495.6,North
162,2024-02-05,22,1,5,349.88,1749.4,West
163,2024-10-28,92,14,8,1021.0,8168.0,South
164,2024-10-10,69,5,8,996.71,7973.68,Central
165,2024-06-24,57,13,3,357.54,1072.62,South
166,2024-10-09,1,12,4,2154.78,8619.12,East
167,2024-08-29,2,2,1,1449.1,1449.1,North
168,2024-02-29,77,15,7,2404.15,16829.05,West
169,2024-04-27,27,12,7,2154.78,15083.46,East
170,2024-11-30,57,15,9,2404.15,21637.35,East
171,2024-11-07,33,6,8,1900.29,15202.32,West
172,2024-05-31,71,4,2,192.66,385.32,Central
173,2024-01-06,91,12,10,2154.78,21547.8,North
174,2024-05-15,34,7,3,2617.54,7852.62,East
175,2024-01-26,93,4,10,192.66,1926.6,North
176,2024-03-02,27,6,4,1900.29,7601.16,South
177,2024-02-29,44,15,5,2404.15,12020.75,East
178,2024-11-02,19,7,9,2617.54,23557.86,Central
179,2024-01-20,20,14,8,1021.0,8168.0,Central
180,2024-10-15,15,1,8,349.88,2799.04,East
181,2024-12-25,20,14,8,1021.0,8168.0,South
182,2024-10-30,9,8,3,1125.89,3377.67,North
183,2024-06-16,28,10,6,2510.69,15064.14,North
184,2024-12-23,21,2,1,1449.1,1449.1,East
185,2024-04-17,45,4,9,192.66,1733.94,Central
186,2024-02-23,42,3,6,2346.24,14077.44,North
187,2024-01-18,54,14,7,1021.0,7147.0,East
188,2024-01-14,79,2,8,1449.1,11592.8,East
189,2024-12-02,76,8,4,1125.89,4503.56,Central
190,2024-09-30,73,8,1,1125.89,1125.89,North
191,2024-04-23,69,10,5,2510.69,12553.45,North
192,2024-01-25,43,4,10,192.66,1926.6,East
193,2024-10-07,64,14,1,1021.0,1021.0,West
194,2024-09-08,98,2,5,1449.1,7245.5,South
195,2024-05-28,4,6,1,1900.29,1900.29,West
196,2024-11-13,22,7,2,2617.54,5235.08,West
197,2024-08-08,90,10,4,2510.69,10042.76,North
198,2024-01-16,62,2,5,1449.1,7245.5,Central
199,2024-11-05,81,6,4,1900.29,7601.16,Central
200,2024-07-26,55,15,6,2404.15,14424.9,South
201,2024-10-09,100,8,2,1125.89,2251.78,Central
202,2024-08-13,68,10,1,2510.69,2510.69,West
203,2024-04-21,23,15,6,2404.15,14424.9,East
204,2024-11-12,73,14,6,1021.0,6126.0,East
205,2024-05-23,88,4,3,192.66,577.98,Central
206,2024-11-23,41,3,8,2346.24,18769.92,South
207,2024-02-04,8,8,7,1125.89,7881.23,South
208,2024-05-08,58,12,6,2154.78,12928.68,West
209,2024-03-02,28,6,7,1900.29,13302.03,West
210,2024-10-28,86,4,3,192.66,577.98,South
211,2024-02-21,38,12,1,2154.78,2154.78,South
212,2024-09-15,100,11,8,1149.56,9196.48,East
213,2024-05-28,23,12,7,2154.78,15083.46,West
214,2024-09-23,89,7,8,2617.54,20940.32,East
215,2024-10-04,84,13,1,357.54,357.54,East
216,2024-02-20,5,11,2,1149.56,2299.12,East
217,2024-07-07,96,6,4,1900.29,7601.16,Central
218,2024-02-21,25,15,9,2404.15,21637.35,South
219,2024-03-25,59,10,2,2510.69,5021.38,Central
220,2024-06-11,75,8,5,1125.89,5629.45,South
221,2024-05-08,12,1,7,349.88,2449.16,South
222,2024-04-24,85,7,4,2617.54,10470.16,East
223,2024-08-04,17,12,2,2154.78,4309.56,West
224,2024-03-03,79,14,4,1021.0,4084.0,North
225,2024-10-19,23,15,4,2404.15,9616.6,South
226,2024-02-28,61,13,5,357.54,1787.7,North
227,2024-08-24,94,6,8,1900.29,15202.32,West
228,2024-10-25,55,1,7,349.88,2449.16,Central
229,2024-03-16,87,13,9,357.54,3217.86,North
230,2024-06-16,58,9,6,1057.98,6347.88,North
231,2024-09-16,28,10,4,2510.69,10042.76,East
232,2024-04-26,59,13,10,357.54,3575.4,South
233,2024-08-11,36,14,1,1021.0,1021.0,Central
234,2024-10-06,51,11,7,1149.56,8046.92,East
235,2024-08-12,43,11,3,1149.56,3448.68,East
236,2024-08-29,89,6,6,1900.29,11401.74,South
237,2024-06-23,97,15,3,2404.15,7212.45,West
238,2024-06-11,65,14,7,1021.0,7147.0,North
239,2024-09-06,16,13,3,357.54,1072.62,East
240,2024-05-02,83,6,4,1900.29,7601.16,North
241,2024-04-12,26,2,6,1449.1,8694.6,East
242,2024-11-10,90,1,4,349.88,1399.52,South
243,2024-12-24,22,9,3,1057.98,3173.94,Central
244,2024-03-07,13,5,10,996.71,9967.1,Central
245,2024-09-16,6,3,2,2346.24,4692.48,North
246,2024-05-13,80,2,6,1449.1,8694.6,South
247,2024-03-09,44,5,2,996.71,1993.42,West
248,2024-01-12,12,8,7,1125.89,7881.23,North
249,2024-03-12,88,4,7,192.66,1348.62,Central
250,2024-05-02,26,5,10,996.71,9967.1,Central
251,2024-07-17,60,8,1,1125.89,1125.89,East
252,2024-05-31,1,14,3,1021.0,3063.0,East
253,2024-10-14,23,3,2,2346.24,4692.48,Central
254,2024-12-29,100,8,1,1125.89,1125.89,East
255,2024-09-02,32,14,5,1021.0,5105.0,Central
256,2024-09-16,37,4,2,192.66,385.32,West
257,2024-11-13,60,10,6,2510.69,15064.14,Central
258,2024-10-16,83,12,5,2154.78,10773.9,South
259,2024-07-28,88,2,8,1449.1,11592.8,South
260,2024-12-04,47,12,8,2154.78,17238.24,North
261,2024-05-26,31,1,9,349.88,3148.92,West
262,2024-05-17,77,11,5,1149.56,5747.8,West
263,2024-09-08,11,13,4,357.54,1430.16,West
264,2024-11-25,64,8,10,1125.89,11258.9,Central
265,2024-09-03,87,12,7,2154.78,15083.46,South
266,2024-11-18,37,5,1,996.71,996.71,West
267,2024-08-11,74,2,10,1449.1,14491.0,South
268,2024-09-22,69,1,5,349.88,1749.4,Central
269,2024-10-23,93,10,7,2510.69,17574.83,South
270,2024-08-21,80,5,10,996.71,9967.1,North
271,2024-12-22,37,15,6,2404.15,14424.9,South
272,2024-02-15,84,11,9,1149.56,10346.04,East
273,2024-03-15,18,2,4,1449.1,5796.4,West
274,2024-06-27,73,11,3,1149.56,3448.68,South
275,2024-08-01,4,2,8,1449.1,11592.8,West
276,2024-04-13,77,9,2,1057.98,2115.96,North
277,2024-12-06,70,9,2,1057.98,2115.96,East
278,2024-03-12,89,5,2,996.71,1993.42,South
279,2024-10-09,64,10,6,2510.69,15064.14,Central
280,2024-09-13,23,15,2,2404.15,4808.3,Central
281,2024-02-07,94,7,2,2617.54,5235.08,South
282,2024-12-14,85,2,6,1449.1,8694.6,Central
283,2024-10-08,3,14,10,1021.0,10210.0,West
284,2024-12-14,80,14,10,1021.0,10210.0,South
285,2024-01-04,21,1,4,349.88,1399.52,Central
286,2024-01-12,63,1,7,349.88,2449.16,East
287,2024-06-10,26,14,10,1021.0,10210.0,East
288,2024-06-03,43,1,7,349.88,2449.16,West
289,2024-10-16,15,10,8,2510.69,20085.52,South
290,2024-04-05,83,14,5,1021.0,5105.0,South
291,2024-10-11,78,3,7,2346.24,16423.68,East
292,2024-10-07,40,3,7,2346.24,16423.68,North
293,2024-05-31,29,12,2,2154.78,4309.56,East
294,2024-07-19,41,2,4,1449.1,5796.4,South
295,2024-03-21,97,8,2,1125.89,2251.78,East
296,2024-08-26,61,6,6,1900.29,11401.74,East
297,2024-12-15,3,15,6,2404.15,14424.9,South
298,2024-02-13,41,1,4,349.88,1399.52,North
299,2024-04-15,81,14,10,1021.0,10210.0,North
300,2024-07-28,66,9,7,1057.98,7405.86,North
301,2024-09-20,44,14,8,1021.0,8168.0,South
302,2024-04-30,28,8,7,1125.89,7881.23,South
303,2024-10-05,21,14,6,1021.0,6126.0,West
304,2024-01-31,21,12,10,2154.78,21547.8,East
305,2024-09-01,88,5,7,996.71,6976.97,East
306,2024-01-02,7,2,7,1449.1,10143.7,Central
307,2024-09-23,77,6,8,1900.29,15202.32,South
308,2024-08-26,3,12,3,2154.78,6464.34,North
309,2024-11-03,27,4,6,192.66,1155.96,North
310,2024-06-02,1,4,10,192.66,1926.6,West
311,2024-09-12,46,4,10,192.66,1926.6,South
312,2024-06-16,3,7,3,2617.54,7852.62,North
313,2024-07-05,64,11,8,1149.56,9196.48,South
314,2024-01-04,9,15,3,2404.15,7212.45,North
315,2024-10-12,50,10,8,2510.69,20085.52,East
316,2024-09-19,91,11,10,1149.56,11495.6,West
317,2024-02-05,19,6,1,1900.29,1900.29,East
318,2024-11-16,78,12,2,2154.78,4309.56,Central
319,2024-10-29,94,3,4,2346.24,9384.96,East
320,2024-09-04,90,6,3,1900.29,5700.87,Central
321,2024-11-03,76,6,10,1900.29,19002.9,Central
322,2024-02-19,96,1,4,349.88,1399.52,East
323,2024-05-13,59,6,2,1900.29,3800.58,West
324,2024-09-02,69,8,9,1125.89,10133.01,North
325,2024-09-12,12,14,7,1021.0,7147.0,Central
326,2024-10-04,74,14,6,1021.0,6126.0,North
327,2024-08-28,9,1,3,349.88,1049.64,South
328,2024-02-15,70,15,5,2404.15,12020.75,Central
329,2024-04-24,69,6,7,1900.29,13302.03,South
330,2024-02-09,30,15,5,2404.15,12020.75,East
331,2024-10-31,97,11,4,1149.56,4598.24,East
332,2024-08-17,89,12,7,2154.78,15083.46,South
333,2024-07-11,59,8,2,1125.89,2251.78,West
334,2024-02-01,70,5,5,996.71,4983.55,North
335,2024-09-26,98,12,1,2154.78,2154.78,South
336,2024-09-22,32,9,4,1057.98,4231.92,Central
337,2024-03-06,100,7,7,2617.54,18322.78,West
338,2024-03-18,16,14,9,1021.0,9189.0,Central
339,2024-11-27,27,5,3,996.71,2990.13,North
340,2024-05-17,27,13,5,357.54,1787.7,East
341,2024-02-21,80,6,6,1900.29,11401.74,West
342,2024-09-02,92,2,9,1449.1,13041.9,North
343,2024-01-25,92,7,5,2617.54,13087.7,West
344,2024-07-30,69,2,6,1449.1,8694.6,West
345,2024-05-14,1,11,1,1149.56,1149.56,South
346,2024-05-07,25,12,1,2154.78,2154.78,West
347,2024-02-05,53,13,1,357.54,357.54,East
348,2024-03-06,15,13,6,357.54,2145.24,North
349,2024-09-04,1,15,5,2404.15,12020.75,East
350,2024-05-28,35,2,2,1449.1,2898.2,Central
351,2024-11-30,23,13,9,357.54,3217.86,Central
352,2024-09-23,74,3,5,2346.24,11731.2,West
353,2024-04-10,28,12,4,2154.78,8619.12,North
354,2024-06-24,30,15,4,2404.15,9616.6,North
355,2024-02-20,59,14,7,1021.0,7147.0,Central
356,2024-03-07,85,4,4,192.66,770.64,South
357,2024-12-06,81,12,7,2154.78,15083.46,East
358,2024-06-13,25,10,3,2510.69,7532.07,West
359,2024-10-17,69,7,6,2617.54,15705.24,East
360,2024-05-10,27,5,2,996.71,1993.42,West
361,2024-08-08,18,3,2,2346.24,4692.48,Central
362,2024-03-13,91,6,8,1900.29,15202.32,Central
363,2024-02-20,34,9,6,1057.98,6347.88,West
364,2024-03-14,67,5,9,996.71,8970.39,East
365,2024-01-13,86,13,9,357.54,3217.86,South
366,2024-01-17,11,7,6,2617.54,15705.24,West
367,2024-05-24,73,3,9,2346.24,21116.16,Central
368,2024-04-01,95,15,2,2404.15,4808.3,West
369,2024-10-01,91,12,5,2154.78,10773.9,North
370,2024-02-18,94,7,4,2617.54,10470.16,Central
371,2024-06-26,73,5,3,996.71,2990.13,East
372,2024-05-17,5,2,2,1449.1,2898.2,West
373,2024-12-17,32,1,9,349.88,3148.92,North
374,2024-05-04,28,12,4,2154.78,8619.12,North
375,2024-07-14,41,13,6,357.54,2145.24,West
376,2024-10-20,20,11,3,1149.56,3448.68,East
377,2024-07-09,39,6,5,1900.29,9501.45,South
378,2024-02-04,12,8,3,1125.89,3377.67,West
379,2024-06-10,57,2,1,1449.1,1449.1,East
380,2024-09-22,34,5,4,996.71,3986.84,South
381,2024-07-18,39,15,6,2404.15,14424.9,Central
382,2024-01-03,73,13,5,357.54,1787.7,West
383,2024-03-24,100,7,4,2617.54,10470.16,East
384,2024-04-30,79,1,3,349.88,1049.64,East
385,2024-10-14,76,7,6,2617.54,15705.24,Central
386,2024-08-12,52,7,5,2617.54,13087.7,Central
387,2024-08-15,50,12,7,2154.78,15083.46,South
388,2024-01-02,86,7,6,2617.54,15705.24,North
389,2024-01-08,100,7,3,2617.54,7852.62,West
390,2024-05-21,36,3,8,2346.24,18769.92,Central
391,2024-11-21,56,3,9,2346.24,21116.16,Central
392,2024-10-30,18,4,4,192.66,770.64,North
393,2024-05-09,82,14,1,1021.0,1021.0,West
394,2024-12-22,33,3,9,2346.24,21116.16,West
395,2024-12-14,3,1,3,349.88,1049.64,North
396,2024-06-29,48,6,3,1900.29,5700.87,Central
397,2024-03-04,11,8,10,1125.89,11258.9,North
398,2024-06-25,27,2,7,1449.1,10143.7,East
399,2024-01-24,64,8,8,1125.89,9007.12,North
400,2024-08-21,54,13,6,357.54,2145.24,East
401,2024-10-22,35,13,8,357.54,2860.32,Central
402,2024-10-24,49,4,7,192.66,1348.62,North
403,2024-11-19,92,9,3,1057.98,3173.94,Central
404,2024-06-28,1,1,9,349.88,3148.92,East
405,2024-11-24,96,12,10,2154.78,21547.8,North
406,2024-09-28,96,1,7,349.88,2449.16,South
407,2024-06-21,14,2,8,1449.1,11592.8,North
408,2024-07-21,3,12,2,2154.78,4309.56,West
409,2024-11-30,9,3,7,2346.24,16423.68,West
410,2024-03-16,29,8,2,1125.89,2251.78,South
411,2024-05-15,63,13,7,357.54,2502.78,West
412,2024-09-25,20,15,9,2404.15,21637.35,East
413,2024-03-09,23,4,7,192.66,1348.62,West
414,2024-11-04,100,10,2,2510.69,5021.38,North
415,2024-03-02,51,7,4,2617.54,10470.16,South
416,2024-03-29,68,3,5,2346.24,11731.2,West
417,2024-07-28,42,15,9,2404.15,21637.35,North
418,2024-07-30,68,4,7,192.66,1348.62,East
419,2024-10-21,56,10,9,2510.69,22596.21,West
420,2024-12-12,88,8,6,1125.89,6755.34,North
421,2024-05-07,25,4,9,192.66,1733.94,South
422,2024-10-20,18,6,2,1900.29,3800.58,East
423,2024-12-01,91,10,8,2510.69,20085.52,North
424,2024-04-04,79,1,4,349.88,1399.52,South
425,2024-09-21,28,15,6,2404.15,14424.9,East
426,2024-10-19,83,14,10,1021.0,10210.0,East
427,2024-12-01,55,3,10,2346.24,23462.4,North
428,2024-12-09,67,9,7,1057.98,7405.86,West
429,2024-08-25,79,1,10,349.88,3498.8,West
430,2024-05-09,51,1,1,349.88,349.88,West
431,2024-08-13,94,13,6,357.54,2145.24,East
432,2024-12-28,31,11,6,1149.56,6897.36,South
433,2024-06-08,66,2,9,1449.1,13041.9,West
434,2024-11-16,100,2,1,1449.1,1449.1,West
435,2024-03-22,52,6,10,1900.29,19002.9,South
436,2024-08-20,20,1,10,349.88,3498.8,North
437,2024-08-26,18,3,5,2346.24,11731.2,North
438,2024-05-05,92,6,2,1900.29,3800.58,Central
439,2024-08-28,52,7,5,2617.54,13087.7,West
440,2024-03-28,72,3,1,2346.24,2346.24,Central
441,2024-03-15,45,9,10,1057.98,10579.8,North
442,2024-10-12,53,11,3,1149.56,3448.68,West
443,2024-10-15,58,2,9,1449.1,13041.9,North
444,2024-03-07,79,2,10,1449.1,14491.0,Central
445,2024-07-19,76,1,10,349.88,3498.8,East
446,2024-10-06,66,1,8,349.88,2799.04,West
447,2024-01-04,37,5,5,996.71,4983.55,West
448,2024-10-05,88,1,7,349.88,2449.16,South
449,2024-12-05,19,10,3,2510.69,7532.07,South
450,2024-08-09,41,5,4,996.71,3986.84,West
451,2024-03-31,40,1,9,349.88,3148.92,Central
452,2024-05-09,72,8,7,1125.89,7881.23,West
453,2024-04-19,85,8,5,1125.89,5629.45,East
454,2024-03-11,20,12,10,2154.78,21547.8,Central
455,2024-08-08,20,15,10,2404.15,24041.5,Central
456,2024-12-18,51,14,10,1021.0,10210.0,South
457,2024-03-09,19,4,8,192.66,1541.28,North
458,2024-12-22,17,13,6,357.54,2145.24,South
459,2024-09-05,8,1,5,349.88,1749.4,South
460,2024-02-17,71,4,5,192.66,963.3,East
461,2024-02-19,15,3,2,2346.24,4692.48,South
462,2024-02-04,35,12,8,2154.78,17238.24,South
463,2024-09-08,82,2,6,1449.1,8694.6,East
464,2024-04-29,55,6,9,1900.29,17102.61,Central
465,2024-12-09,70,2,2,1449.1,2898.2,East
466,2024-04-23,50,15,1,2404.15,2404.15,North
467,2024-02-25,4,3,10,2346.24,23462.4,East
468,2024-05-25,29,9,10,1057.98,10579.8,East
469,2024-12-19,30,10,2,2510.69,5021.38,East
470,2024-10-08,1,11,4,1149.56,4598.24,West
471,2024-09-13,48,13,1,357.54,357.54,Central
472,2024-08-20,8,5,6,996.71,5980.26,Central
473,2024-10-15,5,7,8,2617.54,20940.32,West
474,2024-03-09,70,2,4,1449.1,5796.4,Central
475,2024-11-26,70,4,5,192.66,963.3,North
476,2024-12-08,56,15,10,2404.15,24041.5,West
477,2024-06-14,58,12,10,2154.78,21547.8,South
478,2024-12-08,37,13,10,357.54,3575.4,East
479,2024-02-07,25,8,2,1125.89,2251.78,North
480,2024-03-24,59,14,6,1021.0,6126.0,North
481,2024-04-18,2,8,6,1125.89,6755.34,North
482,2024-02-04,66,7,3,2617.54,7852.62,North
483,2024-12-16,48,4,1,192.66,192.66,East
484,2024-02-29,4,2,8,1449.1,11592.8,South
485,2024-02-02,74,8,2,1125.89,2251.78,East
486,2024-09-05,81,4,8,192.66,1541.28,South
487,2024-08-13,82,9,8,1057.98,8463.84,East
488,2024-02-06,18,11,9,1149.56,10346.04,North
489,2024-03-28,57,5,5,996.71,4983.55,West
490,2024-02-19,21,4,6,192.66,1155.96,Central
491,2024-05-19,65,1,10,349.88,3498.8,West
492,2024-09-18,6,5,7,996.71,6976.97,South
493,2024-01-13,97,13,9,357.54,3217.86,South
494,2024-03-01,36,6,10,1900.29,19002.9,East
495,2024-01-14,95,1,4,349.88,1399.52,East
496,2024-10-14,58,13,5,357.54,1787.7,Central
497,2024-07-03,24,13,5,357.54,1787.7,East
498,2024-09-20,2,1,3,349.88,1049.64,North
499,2024-09-02,54,7,1,2617.54,2617.54,Central
500,2024-07-01,90,2,2,1449.1,2898.2,North
501,2024-10-29,46,11,10,1149.56,11495.6,West
502,2024-10-22,99,12,7,2154.78,15083.46,West
503,2024-11-05,99,2,6,1449.1,8694.6,Central
504,2024-04-19,79,1,5,349.88,1749.4,North
505,2024-09-15,64,7,3,2617.54,7852.62,East
506,2024-12-23,64,5,4,996.71,3986.84,Central
507,2024-05-25,56,10,4,2510.69,10042.76,West
508,2024-04-25,43,2,6,1449.1,8694.6,Central
509,2024-03-31,32,10,7,2510.69,17574.83,East
510,2024-06-11,15,1,6,349.88,2099.28,West
511,2024-10-13,99,6,4,1900.29,7601.16,North
512,2024-10-07,20,2,9,1449.1,13041.9,North
513,2024-10-21,28,8,2,1125.89,2251.78,West
514,2024-02-07,28,4,10,192.66,1926.6,West
515,2024-07-29,45,5,4,996.71,3986.84,East
516,2024-10-22,85,13,10,357.54,3575.4,Central
517,2024-11-28,11,15,6,2404.15,14424.9,West
518,2024-02-02,41,9,6,1057.98,6347.88,North
519,2024-11-28,71,3,5,2346.24,11731.2,Central
520,2024-02-20,41,3,2,2346.24,4692.48,East
521,2024-10-03,41,9,9,1057.98,9521.82,Central
522,2024-11-20,43,1,7,349.88,2449.16,West
523,2024-11-20,63,12,2,2154.78,4309.56,North
524,2024-06-29,42,9,4,1057.98,4231.92,East
525,2024-02-10,18,7,6,2617.54,15705.24,North
526,2024-06-20,41,8,7,1125.89,7881.23,North
527,2024-06-10,83,11,7,1149.56,8046.92,West
528,2024-07-26,70,13,5,357.54,1787.7,East
529,2024-01-02,63,14,7,1021.0,7147.0,East
530,2024-03-28,33,12,1,2154.78,2154.78,East
531,2024-09-28,32,14,4,1021.0,4084.0,Central
532,2024-03-29,6,9,8,1057.98,8463.84,Central
533,2024-11-01,72,15,4,2404.15,9616.6,North
534,2024-06-28,99,12,4,2154.78,8619.12,South
535,2024-09-14,51,11,1,1149.56,1149.56,West
536,2024-07-01,7,15,6,2404.15,14424.9,South
537,2024-10-10,67,13,8,357.54,2860.32,West
538,2024-02-04,83,5,7,996.71,6976.97,North
539,2024-01-31,93,10,9,2510.69,22596.21,South
540,2024-09-21,54,6,4,1900.29,7601.16,South
541,2024-01-05,74,2,4,1449.1,5796.4,West
542,2024-11-26,56,7,9,2617.54,23557.86,West
543,2024-10-25,29,12,10,2154.78,21547.8,West
544,2024-01-25,99,1,9,349.88,3148.92,North
545,2024-09-09,2,3,8,2346.24,18769.92,Central
546,2024-03-19,60,10,2,2510.69,5021.38,Central
547,2024-07-15,49,1,9,349.88,3148.92,Central
548,2024-01-24,17,14,6,1021.0,6126.0,South
549,2024-04-01,61,1,10,349.88,3498.8,Central
550,2024-10-05,1,12,8,2154.78,17238.24,North
551,2024-12-11,18,9,1,1057.98,1057.98,Central
552,2024-03-04,75,3,10,2346.24,23462.4,East
553,2024-12-01,92,6,3,1900.29,5700.87,East
554,2024-07-13,4,9,1,1057.98,1057.98,North
555,2024-02-01,68,8,6,1125.89,6755.34,South
556,2024-12-13,35,6,10,1900.29,19002.9,West
557,2024-02-29,14,10,9,2510.69,22596.21,South
558,2024-12-17,53,4,5,192.66,963.3,North
559,2024-09-01,49,11,5,1149.56,5747.8,South
560,2024-04-08,67,14,7,1021.0,7147.0,South
561,2024-10-29,53,4,2,192.66,385.32,West
562,2024-10-03,92,7,5,2617.54,13087.7,South
563,2024-03-07,68,15,8,2404.15,19233.2,South
564,2024-05-11,30,8,4,1125.89,4503.56,North
565,2024-03-31,41,9,5,1057.98,5289.9,West
566,2024-04-09,15,11,2,1149.56,2299.12,Central
567,2024-09-21,98,15,2,2404.15,4808.3,Central
568,2024-09-13,9,5,4,996.71,3986.84,Central
569,2024-04-01,60,11,5,1149.56,5747.8,South
570,2024-10-18,81,14,8,1021.0,8168.0,South
571,2024-04-15,44,2,8,1449.1,11592.8,East
572,2024-08-04,34,7,4,2617.54,10470.16,North
573,2024-09-15,22,9,6,1057.98,6347.88,West
574,2024-01-01,12,12,2,2154.78,4309.56,West
575,2024-01-08,42,11,4,1149.56,4598.24,East
576,2024-11-12,88,8,10,1125.89,11258.9,South
577,2024-07-02,25,9,5,1057.98,5289.9,East
578,2024-01-18,51,12,7,2154.78,15083.46,East
579,2024-03-20,29,9,6,1057.98,6347.88,South
580,2024-04-30,47,9,3,1057.98,3173.94,North
581,2024-04-03,97,12,7,2154.78,15083.46,East
582,2024-01-27,52,11,1,1149.56,1149.56,East
583,2024-11-05,29,5,10,996.71,9967.1,Central
584,2024-03-10,64,14,9,1021.0,9189.0,North
585,2024-10-15,86,9,2,1057.98,2115.96,South
586,2024-11-07,77,6,3,1900.29,5700.87,South
587,2024-12-27,28,15,8,2404.15,19233.2,North
588,2024-07-26,23,12,2,2154.78,4309.56,South
589,2024-11-12,23,11,7,1149.56,8046.92,East
590,2024-07-28,88,5,10,996.71,9967.1,North
591,2024-09-30,4,6,8,1900.29,15202.32,Central
592,2024-11-10,2,1,3,349.88,1049.64,West
593,2024-07-22,55,9,9,1057.98,9521.82,North
594,2024-04-21,7,10,8,2510.69,20085.52,North
595,2024-02-05,81,15,3,2404.15,7212.45,Central
596,2024-01-16,3,4,2,192.66,385.32,South
597,2024-09-16,84,3,4,2346.24,9384.96,West
598,2024-11-24,100,6,9,1900.29,17102.61,South
599,2024-07-24,62,13,10,357.54,3575.4,East
600,2024-11-26,8,8,7,1125.89,7881.23,West
601,2024-10-13,14,13,5,357.54,1787.7,Central
602,2024-10-16,17,13,1,357.54,357.54,Central
603,2024-10-06,47,15,4,2404.15,9616.6,East
604,2024-08-15,54,11,10,1149.56,11495.6,West
605,2024-08-23,96,10,7,2510.69,17574.83,East
606,2024-01-01,13,1,5,349.88,1749.4,South
607,2024-01-02,82,7,5,2617.54,13087.7,North
608,2024-06-08,14,3,7,2346.24,16423.68,North
609,2024-03-31,35,11,6,1149.56,6897.36,South
610,2024-11-10,88,12,5,2154.78,10773.9,West
611,2024-11-22,17,3,1,2346.24,2346.24,Central
612,2024-11-12,57,5,2,996.71,1993.42,South
613,2024-10-01,99,3,1,2346.24,2346.24,West
614,2024-03-05,94,13,9,357.54,3217.86,South
615,2024-04-16,97,14,6,1021.0,6126.0,North
616,2024-04-02,85,6,9,1900.29,17102.61,West
617,2024-12-24,32,4,9,192.66,1733.94,North
618,2024-03-02,38,2,5,1449.1,7245.5,East
619,2024-11-17,62,1,1,349.88,349.88,South
620,2024-02-06,14,3,7,2346.24,16423.68,West
621,2024-10-24,38,10,2,2510.69,5021.38,Central
622,2024-10-15,74,14,5,1021.0,5105.0,West
623,2024-11-01,88,15,1,2404.15,2404.15,South
624,2024-04-23,39,11,7,1149.56,8046.92,East
625,2024-09-03,11,12,6,2154.78,12928.68,South
626,2024-08-01,2,9,3,1057.98,3173.94,Central
627,2024-08-27,24,8,7,1125.89,7881.23,East
628,2024-06-25,55,14,4,1021.0,4084.0,Central
629,2024-07-26,89,8,7,1125.89,7881.23,West
630,2024-06-16,52,10,10,2510.69,25106.9,Central
631,2024-08-22,75,4,8,192.66,1541.28,North
632,2024-04-27,25,7,8,2617.54,20940.32,South
633,2024-06-09,39,12,10,2154.78,21547.8,East
634,2024-02-16,25,2,7,1449.1,10143.7,East
635,2024-10-27,19,6,6,1900.29,11401.74,East
636,2024-02-21,48,13,10,357.54,3575.4,North
637,2024-02-28,62,11,1,1149.56,1149.56,West
638,2024-02-03,37,6,9,1900.29,17102.61,South
639,2024-04-05,16,1,9,349.88,3148.92,West
640,2024-08-02,3,4,5,192.66,963.3,East
641,2024-08-14,4,15,9,2404.15,21637.35,East
642,2024-01-20,71,7,5,2617.54,13087.7,South
643,2024-11-04,86,12,7,2154.78,15083.46,South
644,2024-06-10,15,14,8,1021.0,8168.0,Central
645,2024-03-23,90,2,4,1449.1,5796.4,East
646,2024-04-15,34,5,5,996.71,4983.55,Central
647,2024-09-03,28,1,5,349.88,1749.4,Central
648,2024-09-01,12,1,7,349.88,2449.16,East
649,2024-06-07,95,13,5,357.54,1787.7,North
650,2024-02-12,39,3,5,2346.24,11731.2,West
651,2024-07-31,2,2,9,1449.1,13041.9,North
652,2024-03-30,35,12,5,2154.78,10773.9,South
653,2024-02-23,73,12,7,2154.78,15083.46,West
654,2024-11-18,22,12,6,2154.78,12928.68,North
655,2024-08-22,50,2,9,1449.1,13041.9,Central
656,2024-01-20,38,15,6,2404.15,14424.9,East
657,2024-04-09,46,14,7,1021.0,7147.0,East
658,2024-04-03,42,5,10,996.71,9967.1,Central
659,2024-09-28,81,2,7,1449.1,10143.7,South
660,2024-03-14,21,10,5,2510.69,12553.45,South
661,2024-12-27,67,9,4,1057.98,4231.92,East
662,2024-01-04,59,8,7,1125.89,7881.23,Central
663,2024-12-11,79,8,3,1125.89,3377.67,East
664,2024-04-15,27,4,4,192.66,770.64,North
665,2024-01-14,52,7,2,2617.54,5235.08,North
666,2024-06-28,63,6,7,1900.29,13302.03,North
667,2024-10-22,64,14,3,1021.0,3063.0,North
668,2024-03-31,58,1,4,349.88,1399.52,Central
669,2024-10-09,17,7,5,2617.54,13087.7,East
670,2024-09-14,97,7,7,2617.54,18322.78,North
671,2024-09-24,8,15,2,2404.15,4808.3,West
672,2024-03-04,12,14,8,1021.0,8168.0,East
673,2024-05-26,73,15,3,2404.15,7212.45,North
674,2024-06-20,51,6,9,1900.29,17102.61,West
675,2024-11-08,33,9,4,1057.98,4231.92,North
676,2024-10-04,77,9,1,1057.98,1057.98,Central
677,2024-01-13,36,8,4,1125.89,4503.56,North
678,2024-11-30,38,13,5,357.54,1787.7,South
679,2024-02-02,71,13,3,357.54,1072.62,West
680,2024-04-07,2,6,9,1900.29,17102.61,South
681,2024-10-16,36,15,7,2404.15,16829.05,South
682,2024-03-12,96,9,4,1057.98,4231.92,East
683,2024-04-12,43,2,9,1449.1,13041.9,West
684,2024-08-14,90,1,4,349.88,1399.52,West
685,2024-04-06,52,5,4,996.71,3986.84,South
686,2024-10-16,87,14,4,1021.0,4084.0,East
687,2024-07-01,45,3,5,2346.24,11731.2,Central
688,2024-09-17,84,13,5,357.54,1787.7,West
689,2024-01-04,54,2,10,1449.1,14491.0,West
690,2024-02-18,78,3,3,2346.24,7038.72,South
691,2024-11-30,85,13,5,357.54,1787.7,South
692,2024-11-16,89,2,10,1449.1,14491.0,South
693,2024-05-24,75,8,7,1125.89,7881.23,North
694,2024-09-08,36,12,2,2154.78,4309.56,Central
695,2024-10-19,69,4,2,192.66,385.32,South
696,2024-11-19,68,2,6,1449.1,8694.6,North
697,2024-02-04,33,11,4,1149.56,4598.24,North
698,2024-06-04,5,14,1,1021.0,1021.0,East
699,2024-09-30,17,7,1,2617.54,2617.54,East
700,2024-10-12,65,6,5,1900.29,9501.45,North
701,2024-01-13,78,15,8,2404.15,19233.2,North
702,2024-05-24,93,13,7,357.54,2502.78,South
703,2024-04-20,56,6,1,1900.29,1900.29,East
704,2024-11-01,75,10,9,2510.69,22596.21,North
705,2024-11-26,2,9,4,1057.98,4231.92,Central
706,2024-03-03,72,8,4,1125.89,4503.56,North
707,2024-03-08,80,2,8,1449.1,11592.8,North
708,2024-04-28,71,1,9,349.88,3148.92,South
709,2024-10-13,22,9,7,1057.98,7405.86,East
710,2024-09-26,61,3,9,2346.24,21116.16,Central
711,2024-01-18,31,5,2,996.71,1993.42,West
712,2024-12-04,82,6,2,1900.29,3800.58,Central
713,2024-06-19,73,3,7,2346.24,16423.68,Central
714,2024-01-05,30,15,9,2404.15,21637.35,North
715,2024-01-23,42,10,2,2510.69,5021.38,Central
716,2024-12-30,16,3,8,2346.24,18769.92,West
717,2024-04-13,48,3,6,2346.24,14077.44,West
718,2024-03-25,38,9,4,1057.98,4231.92,East
719,2024-08-16,23,3,1,2346.24,2346.24,East
720,2024-11-20,83,9,2,1057.98,2115.96,West
721,2024-09-04,83,5,10,996.71,9967.1,Central
722,2024-07-12,17,8,8,1125.89,9007.12,North
723,2024-05-08,75,13,3,357.54,1072.62,Central
724,2024-06-25,74,1,2,349.88,699.76,North
725,2024-04-22,36,10,10,2510.69,25106.9,Central
726,2024-03-02,83,6,10,1900.29,19002.9,North
727,2024-08-22,26,15,1,2404.15,2404.15,North
728,2024-05-05,12,4,10,192.66,1926.6,West
729,2024-10-29,52,12,6,2154.78,12928.68,South
730,2024-05-08,78,1,7,349.88,2449.16,South
731,2024-08-09,77,9,6,1057.98,6347.88,South
732,2024-03-05,74,7,5,2617.54,13087.7,South
733,2024-06-28,69,2,4,1449.1,5796.4,Central
734,2024-03-23,19,15,4,2404.15,9616.6,North
735,2024-02-24,55,2,1,1449.1,1449.1,South
736,2024-08-01,91,15,10,2404.15,24041.5,East
737,2024-07-14,40,13,6,357.54,2145.24,North
738,2024-09-04,82,6,6,1900.29,11401.74,Central
739,2024-04-06,40,4,6,192.66,1155.96,North
740,2024-06-14,20,4,8,192.66,1541.28,South
741,2024-05-14,42,1,1,349.88,349.88,East
742,2024-02-24,95,11,8,1149.56,9196.48,North
743,2024-12-20,42,9,3,1057.98,3173.94,East
744,2024-03-04,31,1,10,349.88,3498.8,South
745,2024-08-18,93,3,8,2346.24,18769.92,East
746,2024-05-07,48,11,10,1149.56,11495.6,Central
747,2024-07-12,6,15,2,2404.15,4808.3,Central
748,2024-03-15,27,15,2,2404.15,4808.3,North
749,2024-04-07,41,8,7,1125.89,7881.23,West
750,2024-05-20,30,14,6,1021.0,6126.0,South
751,2024-01-27,87,10,9,2510.69,22596.21,West
752,2024-07-16,73,4,9,192.66,1733.94,North
753,2024-12-01,45,14,8,1021.0,8168.0,South
754,2024-11-06,97,2,6,1449.1,8694.6,East
755,2024-10-16,16,7,10,2617.54,26175.4,Central
756,2024-04-27,34,3,4,2346.24,9384.96,East
757,2024-02-09,1,3,8,2346.24,18769.92,East
758,2024-11-02,49,7,6,2617.54,15705.24,West
759,2024-05-09,58,10,4,2510.69,10042.76,North
760,2024-01-08,53,14,1,1021.0,1021.0,East
761,2024-03-02,73,3,8,2346.24,18769.92,West
762,2024-07-28,66,12,4,2154.78,8619.12,South
763,2024-01-12,31,3,1,2346.24,2346.24,Central
764,2024-08-16,9,5,1,996.71,996.71,Central
765,2024-03-09,45,5,5,996.71,4983.55,West
766,2024-10-02,61,9,9,1057.98,9521.82,East
767,2024-08-30,85,5,4,996.71,3986.84,West
768,2024-09-23,91,5,6,996.71,5980.26,Central
769,2024-04-02,3,4,8,192.66,1541.28,North
770,2024-11-01,73,3,2,2346.24,4692.48,West
771,2024-02-17,10,12,3,2154.78,6464.34,West
772,2024-08-04,56,3,1,2346.24,2346.24,West
773,2024-08-14,82,11,3,1149.56,3448.68,North
774,2024-03-06,21,11,3,1149.56,3448.68,South
775,2024-11-26,69,10,4,2510.69,10042.76,South
776,2024-05-08,45,3,8,2346.24,18769.92,West
777,2024-02-03,71,7,5,2617.54,13087.7,North
778,2024-05-20,43,10,8,2510.69,20085.52,North
779,2024-06-09,26,2,6,1449.1,8694.6,East
780,2024-12-12,71,13,1,357.54,357.54,Central
781,2024-03-08,62,15,7,2404.15,16829.05,South
782,2024-04-16,88,14,2,1021.0,2042.0,South
783,2024-01-12,36,1,6,349.88,2099.28,North
784,2024-10-11,9,7,4,2617.54,10470.16,East
785,2024-02-13,12,11,3,1149.56,3448.68,East
786,2024-05-11,74,6,10,1900.29,19002.9,North
787,2024-11-08,67,14,2,1021.0,2042.0,South
788,2024-08-14,87,5,5,996.71,4983.55,East
789,2024-03-26,23,6,7,1900.29,13302.03,West
790,2024-09-26,88,12,4,2154.78,8619.12,Central
791,2024-06-03,92,11,8,1149.56,9196.48,Central
792,2024-03-09,99,7,1,2617.54,2617.54,Central
793,2024-12-27,91,1,3,349.88,1049.64,East
794,2024-04-10,99,15,1,2404.15,2404.15,South
795,2024-07-05,24,15,6,2404.15,14424.9,North
796,2024-05-20,33,6,3,1900.29,5700.87,East
797,2024-04-18,1,10,10,2510.69,25106.9,Central
798,2024-03-05,41,14,5,1021.0,5105.0,South
799,2024-10-27,35,5,10,996.71,9967.1,South
800,2024-04-18,51,13,4,357.54,1430.16,Central
801,2024-08-03,75,3,9,2346.24,21116.16,North
802,2024-03-27,27,13,8,357.54,2860.32,Central
803,2024-08-19,23,8,8,1125.89,9007.12,West
804,2024-10-19,90,1,10,349.88,3498.8,North
805,2024-12-30,73,3,6,2346.24,14077.44,East
806,2024-07-15,74,9,5,1057.98,5289.9,West
807,2024-10-21,30,2,9,1449.1,13041.9,South
808,2024-05-21,34,2,9,1449.1,13041.9,South
809,2024-08-07,13,5,5,996.71,4983.55,North
810,2024-07-19,62,2,8,1449.1,11592.8,Central
811,2024-08-25,81,15,10,2404.15,24041.5,East
812,2024-03-10,90,4,8,192.66,1541.28,West
813,2024-06-23,97,15,7,2404.15,16829.05,East
814,2024-07-06,63,15,3,2404.15,7212.45,West
815,2024-07-15,34,10,1,2510.69,2510.69,Central
816,2024-01-29,80,4,6,192.66,1155.96,South
817,2024-04-22,91,10,1,2510.69,2510.69,Central
818,2024-12-19,46,9,9,1057.98,9521.82,North
819,2024-07-10,50,10,9,2510.69,22596.21,East
820,2024-07-07,31,2,2,1449.1,2898.2,North
821,2024-04-04,56,8,6,1125.89,6755.34,East
822,2024-03-28,59,2,4,1449.1,5796.4,West
823,2024-09-08,64,15,8,2404.15,19233.2,South
824,2024-04-03,99,1,2,349.88,699.76,Central
825,2024-09-16,52,11,3,1149.56,3448.68,East
826,2024-06-23,36,9,1,1057.98,1057.98,South
827,2024-08-02,38,9,3,1057.98,3173.94,South
828,2024-11-13,59,7,1,2617.54,2617.54,South
829,2024-11-23,83,5,6,996.71,5980.26,Central
830,2024-04-30,31,2,9,1449.1,13041.9,Central
831,2024-07-28,40,3,9,2346.24,21116.16,Central
832,2024-02-16,35,6,5,1900.29,9501.45,South
833,2024-06-03,86,4,8,192.66,1541.28,South
834,2024-12-03,42,10,10,2510.69,25106.9,North
835,2024-02-25,16,2,5,1449.1,7245.5,East
836,2024-08-25,11,11,5,1149.56,5747.8,Central
837,2024-10-21,12,10,9,2510.69,22596.21,Central
838,2024-07-03,59,2,6,1449.1,8694.6,South
839,2024-02-12,62,11,4,1149.56,4598.24,Central
840,2024-07-29,15,2,2,1449.1,2898.2,West
841,2024-06-21,25,15,6,2404.15,14424.9,South
842,2024-05-29,59,11,5,1149.56,5747.8,North
843,2024-03-15,60,9,4,1057.98,4231.92,Central
844,2024-07-29,99,14,6,1021.0,6126.0,South
845,2024-08-24,22,11,4,1149.56,4598.24,Central
846,2024-04-21,6,8,7,1125.89,7881.23,Central
847,2024-10-27,14,11,9,1149.56,10346.04,Central
848,2024-09-01,9,10,7,2510.69,17574.83,East
849,2024-09-26,37,3,8,2346.24,18769.92,East
850,2024-12-03,60,14,10,1021.0,10210.0,South
851,2024-06-09,19,15,8,2404.15,19233.2,Central
852,2024-11-11,27,10,4,2510.69,10042.76,West
853,2024-04-06,61,9,10,1057.98,10579.8,North
854,2024-01-01,18,2,9,1449.1,13041.9,East
855,2024-07-19,23,3,7,2346.24,16423.68,Central
856,2024-02-22,32,2,10,1449.1,14491.0,Central
857,2024-02-19,74,9,9,1057.98,9521.82,West
858,2024-03-02,94,15,7,2404.15,16829.05,North
859,2024-12-07,38,13,8,357.54,2860.32,North
860,2024-12-04,82,1,3,349.88,1049.64,Central
861,2024-05-07,90,11,1,1149.56,1149.56,North
862,2024-02-09,9,3,8,2346.24,18769.92,East
863,2024-07-07,82,4,6,192.66,1155.96,Central
864,2024-03-21,65,13,7,357.54,2502.78,Central
865,2024-07-27,31,15,3,2404.15,7212.45,South
866,2024-12-23,20,15,4,2404.15,9616.6,South
867,2024-08-24,29,12,8,2154.78,17238.24,Central
868,2024-05-08,11,15,9,2404.15,21637.35,North
869,2024-03-18,14,4,5,192.66,963.3,West
870,2024-06-07,75,12,8,2154.78,17238.24,South
871,2024-12-27,40,13,8,357.54,2860.32,West
872,2024-07-12,44,11,7,1149.56,8046.92,North
873,2024-10-03,67,8,4,1125.89,4503.56,South
874,2024-07-14,35,5,1,996.71,996.71,North
875,2024-01-06,25,4,4,192.66,770.64,South
876,2024-09-14,47,3,5,2346.24,11731.2,South
877,2024-11-24,41,8,8,1125.89,9007.12,West
878,2024-05-11,34,3,9,2346.24,21116.16,East
879,2024-10-23,44,11,1,1149.56,1149.56,North
880,2024-07-30,15,2,5,1449.1,7245.5,West
881,2024-03-18,41,11,2,1149.56,2299.12,Central
882,2024-07-14,30,5,5,996.71,4983.55,East
883,2024-02-16,70,8,3,1125.89,3377.67,North
884,2024-03-02,74,9,4,1057.98,4231.92,West
885,2024-11-05,29,6,9,1900.29,17102.61,East
886,2024-05-11,24,5,3,996.71,2990.13,North
887,2024-04-20,20,12,4,2154.78,8619.12,South
888,2024-05-06,32,10,9,2510.69,22596.21,West
889,2024-05-10,56,1,9,349.88,3148.92,West
890,2024-02-01,44,8,4,1125.89,4503.56,West
891,2024-08-06,87,7,5,2617.54,13087.7,West
892,2024-01-03,58,11,4,1149.56,4598.24,East
893,2024-03-19,93,2,1,1449.1,1449.1,West
894,2024-09-24,58,1,8,349.88,2799.04,South
895,2024-12-05,75,14,5,1021.0,5105.0,West
896,2024-08-18,81,15,2,2404.15,4808.3,South
897,2024-05-03,26,14,9,1021.0,9189.0,South
898,2024-09-09,77,11,6,1149.56,6897.36,East
899,2024-05-06,79,3,9,2346.24,21116.16,Central
900,2024-04-14,89,10,3,2510.69,7532.07,South
901,2024-01-08,78,10,7,2510.69,17574.83,East
902,2024-09-26,78,2,2,1449.1,2898.2,North
903,2024-12-02,10,2,4,1449.1,5796.4,Central
904,2024-12-18,81,4,4,192.66,770.64,Central
905,2024-07-03,64,4,1,192.66,192.66,Central
906,2024-12-25,8,2,8,1449.1,11592.8,Central
907,2024-01-22,63,1,9,349.88,3148.92,Central
908,2024-11-17,25,4,5,192.66,963.3,North
909,2024-02-14,76,10,2,2510.69,5021.38,West
910,2024-07-23,74,3,10,2346.24,23462.4,Central
911,2024-10-21,4,3,8,2346.24,18769.92,East
912,2024-12-13,81,12,7,2154.78,15083.46,Central
913,2024-07-01,69,6,2,1900.29,3800.58,North
914,2024-04-04,84,5,3,996.71,2990.13,East
915,2024-03-09,30,12,3,2154.78,6464.34,West
916,2024-03-19,99,2,5,1449.1,7245.5,Central
917,2024-08-23,63,14,3,1021.0,3063.0,West
918,2024-07-14,72,12,4,2154.78,8619.12,West
919,2024-03-24,87,4,7,192.66,1348.62,South
920,2024-11-23,100,2,5,1449.1,7245.5,South
921,2024-04-13,85,15,2,2404.15,4808.3,South
922,2024-12-29,17,2,4,1449.1,5796.4,North
923,2024-10-05,34,2,6,1449.1,8694.6,Central
924,2024-11-27,32,13,4,357.54,1430.16,Central
925,2024-01-27,39,11,3,1149.56,3448.68,Central
926,2024-02-22,81,10,9,2510.69,22596.21,South
927,2024-11-11,69,14,9,1021.0,9189.0,West
928,2024-06-07,41,9,4,1057.98,4231.92,East
929,2024-06-24,61,7,4,2617.54,10470.16,North
930,2024-03-11,22,6,5,1900.29,9501.45,South
931,2024-01-25,52,6,4,1900.29,7601.16,East
932,2024-02-05,27,6,6,1900.29,11401.74,West
933,2024-06-12,62,9,1,1057.98,1057.98,Central
934,2024-07-10,75,13,8,357.54,2860.32,South
935,2024-12-26,6,6,1,1900.29,1900.29,North
936,2024-03-19,95,5,3,996.71,2990.13,Central
937,2024-08-02,91,14,4,1021.0,4084.0,Central
938,2024-04-26,42,5,4,996.71,3986.84,North
939,2024-03-22,69,2,1,1449.1,1449.1,North
940,2024-09-17,29,14,10,1021.0,10210.0,South
941,2024-04-09,79,14,9,1021.0,9189.0,South
942,2024-09-06,25,12,4,2154.78,8619.12,North
943,2024-05-22,77,4,6,192.66,1155.96,East
944,2024-05-08,46,14,4,1021.0,4084.0,West
945,2024-11-29,94,1,2,349.88,699.76,West
946,2024-03-09,31,5,7,996.71,6976.97,East
947,2024-10-02,7,14,4,1021.0,4084.0,South
948,2024-09-12,87,2,7,1449.1,10143.7,East
949,2024-04-20,1,3,2,2346.24,4692.48,South
950,2024-10-09,47,10,8,2510.69,20085.52,West
951,2024-03-04,27,7,10,2617.54,26175.4,West
952,2024-03-15,48,3,3,2346.24,7038.72,West
953,2024-07-29,54,8,6,1125.89,6755.34,East
954,2024-06-24,29,15,5,2404.15,12020.75,West
955,2024-06-19,77,8,1,1125.89,1125.89,West
956,2024-11-04,43,13,4,357.54,1430.16,Central
957,2024-02-29,46,2,9,1449.1,13041.9,North
958,2024-01-23,66,14,9,1021.0,9189.0,West
959,2024-10-11,33,6,8,1900.29,15202.32,North
960,2024-12-21,80,11,3,1149.56,3448.68,South
961,2024-02-22,29,9,3,1057.98,3173.94,West
962,2024-02-02,28,3,2,2346.24,4692.48,West
963,2024-09-25,82,5,6,996.71,5980.26,North
964,2024-04-20,56,5,8,996.71,7973.68,North
965,2024-05-12,29,4,6,192.66,1155.96,South
966,2024-04-20,79,2,1,1449.1,1449.1,West
967,2024-09-17,58,5,5,996.71,4983.55,East
968,2024-10-13,2,6,3,1900.29,5700.87,South
969,2024-04-04,15,8,1,1125.89,1125.89,West
970,2024-01-19,34,7,10,2617.54,26175.4,East
971,2024-05-01,74,4,3,192.66,577.98,North
972,2024-04-24,96,6,7,1900.29,13302.03,West
973,2024-06-23,42,7,2,2617.54,5235.08,East
974,2024-06-03,73,5,3,996.71,2990.13,Central
975,2024-11-11,40,10,7,2510.69,17574.83,South
976,2024-04-26,65,13,4,357.54,1430.16,East
977,2024-12-06,5,12,1,2154.78,2154.78,West
978,2024-08-22,98,2,10,1449.1,14491.0,East
979,2024-02-15,69,5,1,996.71,996.71,East
980,2024-03-05,62,1,8,349.88,2799.04,West
981,2024-09-20,50,7,3,2617.54,7852.62,Central
982,2024-08-12,76,15,5,2404.15,12020.75,North
983,2024-02-06,18,2,8,1449.1,11592.8,Central
984,2024-06-24,3,13,8,357.54,2860.32,North
985,2024-01-16,99,11,2,1149.56,2299.12,East
986,2024-11-02,14,5,7,996.71,6976.97,North
987,2024-05-27,77,12,6,2154.78,12928.68,Central
988,2024-03-01,84,8,9,1125.89,10133.01,North
989,2024-10-31,21,15,4,2404.15,9616.6,West
990,2024-03-15,54,7,7,2617.54,18322.78,South
991,2024-08-25,88,11,10,1149.56,11495.6,East
992,2024-04-14,94,9,3,1057.98,3173.94,Central
993,2024-05-05,87,4,4,192.66,770.64,North
994,2024-12-29,5,3,7,2346.24,16423.68,East
995,2024-01-05,15,13,2,357.54,715.08,East
996,2024-02-27,26,5,10,996.71,9967.1,North
997,2024-02-06,27,10,1,2510.69,2510.69,North
998,2024-01-05,89,5,7,996.71,6976.97,South
999,2024-10-31,23,3,2,2346.24,4692.48,East
1000,2024-07-03,30,13,9,357.54,3217.86,West
1001,2024-07-29,84,14,8,1021.0,8168.0,East
1002,2024-10-24,18,8,6,1125.89,6755.34,South
1003,2024-04-18,80,9,6,1057.98,6347.88,Central
1004,2024-03-24,92,5,9,996.71,8970.39,Central
1005,2024-11-10,92,8,2,1125.89,2251.78,West
1006,2024-10-11,32,1,10,349.88,3498.8,West
1007,2024-08-31,28,13,3,357.54,1072.62,Central
1008,2024-01-04,25,5,4,996.71,3986.84,North
1009,2024-07-03,1,13,10,357.54,3575.4,North
1010,2024-06-25,51,6,2,1900.29,3800.58,East
1011,2024-05-04,13,12,1,2154.78,2154.78,South
1012,2024-06-10,32,12,7,2154.78,15083.46,East
1013,2024-10-16,47,9,2,1057.98,2115.96,Central
1014,2024-06-20,3,2,3,1449.1,4347.3,North
1015,2024-12-19,29,12,4,2154.78,8619.12,East
1016,2024-12-01,12,1,1,349.88,349.88,East
1017,2024-10-30,79,15,2,2404.15,4808.3,Central
1018,2024-09-03,2,12,3,2154.78,6464.34,South
1019,2024-05-23,72,11,8,1149.56,9196.48,North
1020,2024-06-25,32,13,2,357.54,715.08,South
1021,2024-08-17,69,2,3,1449.1,4347.3,East
1022,2024-05-31,48,7,4,2617.54,10470.16,East
1023,2024-02-20,44,3,8,2346.24,18769.92,North
1024,2024-02-14,62,2,8,1449.1,11592.8,Central
1025,2024-09-28,53,2,5,1449.1,7245.5,Central
1026,2024-11-18,17,10,6,2510.69,15064.14,Central
1027,2024-11-19,50,3,2,2346.24,4692.48,Central
1028,2024-01-10,91,9,6,1057.98,6347.88,East
1029,2024-11-13,23,15,10,2404.15,24041.5,Central
1030,2024-08-14,85,1,9,349.88,3148.92,North
1031,2024-03-03,18,10,6,2510.69,15064.14,Central
1032,2024-06-24,24,15,9,2404.15,21637.35,South
1033,2024-08-02,46,3,5,2346.24,11731.2,North
1034,2024-04-14,58,6,10,1900.29,19002.9,South
1035,2024-12-12,22,7,4,2617.54,10470.16,East
1036,2024-08-07,35,3,10,2346.24,23462.4,West
1037,2024-05-31,97,11,6,1149.56,6897.36,South
1038,2024-05-29,78,1,3,349.88,1049.64,East
1039,2024-07-15,38,3,8,2346.24,18769.92,South
1040,2024-09-29,18,15,8,2404.15,19233.2,West
1041,2024-01-07,42,15,5,2404.15,12020.75,Central
1042,2024-08-01,1,9,2,1057.98,2115.96,Central
1043,2024-10-22,41,10,10,2510.69,25106.9,Central
1044,2024-01-04,83,14,8,1021.0,8168.0,South
1045,2024-12-17,12,4,10,192.66,1926.6,East
1046,2024-08-02,8,10,6,2510.69,15064.14,Central
1047,2024-09-18,40,15,10,2404.15,24041.5,East
1048,2024-06-29,44,3,6,2346.24,14077.44,West
1049,2024-08-12,5,13,8,357.54,2860.32,West
1050,2024-03-22,23,12,6,2154.78,12928.68,East
1051,2024-08-21,68,14,6,1021.0,6126.0,East
1052,2024-09-03,72,6,10,1900.29,19002.9,North
1053,2024-02-21,7,9,9,1057.98,9521.82,East
1054,2024-07-06,50,11,10,1149.56,11495.6,Central
1055,2024-12-03,96,2,7,1449.1,10143.7,Central
1056,2024-04-22,97,13,2,357.54,715.08,Central
1057,2024-01-04,37,14,2,1021.0,2042.0,West
1058,2024-02-15,96,7,3,2617.54,7852.62,South
1059,2024-10-15,96,5,4,996.71,3986.84,East
1060,2024-02-15,26,4,6,192.66,1155.96,West
1061,2024-06-14,25,2,5,1449.1,7245.5,Central
1062,2024-11-18,72,6,5,1900.29,9501.45,North
1063,2024-11-22,25,6,9,1900.29,17102.61,East
1064,2024-11-13,17,5,5,996.71,4983.55,Central
1065,2024-09-30,44,5,5,996.71,4983.55,South
1066,2024-06-08,94,11,4,1149.56,4598.24,North
1067,2024-08-28,85,14,4,1021.0,4084.0,North
1068,2024-06-26,55,11,2,1149.56,2299.12,West
1069,2024-02-03,22,11,1,1149.56,1149.56,West
1070,2024-04-03,84,10,4,2510.69,10042.76,East
1071,2024-06-14,90,7,2,2617.54,5235.08,South
1072,2024-05-03,66,13,5,357.54,1787.7,East
1073,2024-02-23,82,4,8,192.66,1541.28,South
1074,2024-11-29,72,10,9,2510.69,22596.21,Central
1075,2024-08-09,72,11,4,1149.56,4598.24,Central
1076,2024-06-24,52,8,9,1125.89,10133.01,West
1077,2024-09-29,60,2,4,1449.1,5796.4,North
1078,2024-05-01,33,8,3,1125.89,3377.67,East
1079,2024-01-01,64,6,4,1900.29,7601.16,Central
1080,2024-08-14,4,12,2,2154.78,4309.56,Central
1081,2024-11-16,41,6,9,1900.29,17102.61,Central
1082,2024-04-04,98,3,5,2346.24,11731.2,South
1083,2024-09-02,51,12,4,2154.78,8619.12,West
1084,2024-10-15,39,2,9,1449.1,13041.9,West
1085,2024-10-02,79,2,9,1449.1,13041.9,West
1086,2024-09-27,67,14,9,1021.0,9189.0,Central
1087,2024-01-07,99,3,2,2346.24,4692.48,East
1088,2024-11-25,40,11,3,1149.56,3448.68,West
1089,2024-12-08,35,8,10,1125.89,11258.9,South
1090,2024-04-15,17,5,7,996.71,6976.97,East
1091,2024-01-14,21,2,8,1449.1,11592.8,East
1092,2024-02-05,76,7,6,2617.54,15705.24,West
1093,2024-07-14,57,6,2,1900.29,3800.58,West
1094,2024-01-18,21,1,8,349.88,2799.04,East
1095,2024-04-22,86,9,6,1057.98,6347.88,Central
1096,2024-08-25,82,11,10,1149.56,11495.6,South
1097,2024-11-22,36,7,7,2617.54,18322.78,Central
1098,2024-07-13,84,4,5,192.66,963.3,Central
1099,2024-11-30,73,7,9,2617.54,23557.86,Central
1100,2024-12-05,86,11,7,1149.56,8046.92,North
1101,2024-04-08,70,4,8,192.66,1541.28,East
1102,2024-05-31,29,3,9,2346.24,21116.16,West
1103,2024-08-15,81,3,5,2346.24,11731.2,South
1104,2024-05-09,8,11,4,1149.56,4598.24,South
1105,2024-09-06,25,8,10,1125.89,11258.9,Central
1106,2024-11-18,44,15,6,2404.15,14424.9,East
1107,2024-08-03,2,7,8,2617.54,20940.32,South
1108,2024-02-23,45,8,9,1125.89,10133.01,Central
1109,2024-10-28,83,12,5,2154.78,10773.9,East
1110,2024-09-28,26,10,1,2510.69,2510.69,East
1111,2024-04-24,69,10,2,2510.69,5021.38,North
1112,2024-02-25,86,8,10,1125.89,11258.9,East
1113,2024-07-03,28,2,3,1449.1,4347.3,North
1114,2024-12-09,27,15,5,2404.15,12020.75,North
1115,2024-06-10,30,4,1,192.66,192.66,North
1116,2024-01-09,14,1,8,349.88,2799.04,Central
1117,2024-06-28,81,1,5,349.88,1749.4,North
1118,2024-11-13,37,15,2,2404.15,4808.3,North
1119,2024-10-24,46,14,3,1021.0,3063.0,Central
1120,2024-06-07,68,12,5,2154.78,10773.9,East
1121,2024-03-31,3,13,6,357.54,2145.24,North
1122,2024-08-23,93,11,4,1149.56,4598.24,South
1123,2024-06-11,37,7,2,2617.54,5235.08,East
1124,2024-03-17,17,11,7,1149.56,8046.92,West
1125,2024-09-12,32,6,5,1900.29,9501.45,South
1126,2024-09-02,27,9,6,1057.98,6347.88,West
1127,2024-02-12,29,13,9,357.54,3217.86,West
1128,2024-05-04,92,10,3,2510.69,7532.07,West
1129,2024-10-23,92,13,8,357.54,2860.32,Central
1130,2024-11-30,77,1,1,349.88,349.88,North
1131,2024-08-05,43,10,3,2510.69,7532.07,West
1132,2024-11-12,47,6,5,1900.29,9501.45,East
1133,2024-07-28,50,1,8,349.88,2799.04,North
1134,2024-02-10,90,1,4,349.88,1399.52,North
1135,2024-06-03,5,12,1,2154.78,2154.78,North
1136,2024-12-24,10,12,3,2154.78,6464.34,East
1137,2024-11-08,14,1,5,349.88,1749.4,East
1138,2024-10-27,51,9,6,1057.98,6347.88,Central
1139,2024-05-03,23,11,3,1149.56,3448.68,South
1140,2024-07-10,28,8,3,1125.89,3377.67,South
1141,2024-12-26,22,10,3,2510.69,7532.07,East
1142,2024-07-29,25,11,6,1149.56,6897.36,South
1143,2024-09-20,68,5,5,996.71,4983.55,North
1144,2024-12-30,54,14,5,1021.0,5105.0,North
1145,2024-02-17,15,4,5,192.66,963.3,East
1146,2024-11-12,68,3,8,2346.24,18769.92,North
1147,2024-04-18,27,5,5,996.71,4983.55,West
1148,2024-06-06,36,8,5,1125.89,5629.45,West
1149,2024-08-03,39,1,3,349.88,1049.64,East
1150,2024-09-04,36,2,4,1449.1,5796.4,North
1151,2024-05-06,99,2,4,1449.1,5796.4,South
1152,2024-08-02,24,7,9,2617.54,23557.86,Central
1153,2024-01-02,67,3,1,2346.24,2346.24,East
1154,2024-03-22,61,3,2,2346.24,4692.48,West
1155,2024-09-26,42,15,3,2404.15,7212.45,Central
1156,2024-02-18,45,6,10,1900.29,19002.9,North
1157,2024-08-17,3,10,6,2510.69,15064.14,South
1158,2024-10-22,60,12,7,2154.78,15083.46,Central
1159,2024-02-02,32,11,4,1149.56,4598.24,South
1160,2024-06-18,53,3,8,2346.24,18769.92,West
1161,2024-02-10,95,3,2,2346.24,4692.48,East
1162,2024-07-23,97,13,9,357.54,3217.86,West
1163,2024-03-12,46,15,2,2404.15,4808.3,West
1164,2024-01-19,66,5,6,996.71,5980.26,South
1165,2024-08-14,10,3,10,2346.24,23462.4,West
1166,2024-09-24,17,9,7,1057.98,7405.86,North
1167,2024-04-24,11,12,8,2154.78,17238.24,West
1168,2024-12-03,29,7,9,2617.54,23557.86,East
1169,2024-09-15,41,11,4,1149.56,4598.24,North
1170,2024-03-15,17,8,2,1125.89,2251.78,West
1171,2024-02-01,28,14,3,1021.0,3063.0,North
1172,2024-04-28,97,3,8,2346.24,18769.92,West
1173,2024-03-20,96,4,1,192.66,192.66,Central
1174,2024-08-08,27,8,10,1125.89,11258.9,East
1175,2024-02-02,51,13,10,357.54,3575.4,South
1176,2024-08-07,90,1,3,349.88,1049.64,South
1177,2024-07-31,60,10,2,2510.69,5021.38,East
1178,2024-05-25,32,8,8,1125.89,9007.12,North
1179,2024-11-03,87,14,10,1021.0,10210.0,North
1180,2024-11-19,13,14,5,1021.0,5105.0,East
1181,2024-07-20,44,10,1,2510.69,2510.69,Central
1182,2024-01-24,11,14,7,1021.0,7147.0,West
1183,2024-10-27,31,10,3,2510.69,7532.07,East
1184,2024-11-18,23,10,10,2510.69,25106.9,Central
1185,2024-12-30,64,15,4,2404.15,9616.6,East
1186,2024-07-24,28,7,6,2617.54,15705.24,Central
1187,2024-01-28,76,11,7,1149.56,8046.92,West
1188,2024-02-08,83,4,8,192.66,1541.28,North
1189,2024-01-26,12,3,10,2346.24,23462.4,North
1190,2024-05-12,3,9,2,1057.98,2115.96,South
1191,2024-09-30,84,8,6,1125.89,6755.34,South
1192,2024-06-17,78,1,4,349.88,1399.52,Central
1193,2024-11-07,92,2,9,1449.1,13041.9,East
1194,2024-09-15,11,9,3,1057.98,3173.94,South
1195,2024-08-28,77,9,2,1057.98,2115.96,North
1196,2024-06-13,6,4,3,192.66,577.98,South
1197,2024-07-20,74,1,6,349.88,2099.28,West
1198,2024-01-04,56,15,1,2404.15,2404.15,South
1199,2024-08-06,36,8,4,1125.89,4503.56,North
1200,2024-10-27,96,1,4,349.88,1399.52,West
1201,2024-11-24,51,6,6,1900.29,11401.74,East
1202,2024-04-07,21,6,9,1900.29,17102.61,South
1203,2024-05-04,3,5,7,996.71,6976.97,East
1204,2024-05-31,94,5,10,996.71,9967.1,North
1205,2024-12-21,63,8,7,1125.89,7881.23,South
1206,2024-08-07,89,12,3,2154.78,6464.34,Central
1207,2024-09-09,60,4,9,192.66,1733.94,North
1208,2024-12-01,46,15,6,2404.15,14424.9,East
1209,2024-08-23,73,4,6,192.66,1155.96,East
1210,2024-02-10,6,5,6,996.71,5980.26,East
1211,2024-07-12,42,1,5,349.88,1749.4,East
1212,2024-06-19,25,2,1,1449.1,1449.1,North
1213,2024-06-27,2,9,1,1057.98,1057.98,West
1214,2024-02-12,84,13,10,357.54,3575.4,South
1215,2024-10-30,24,10,7,2510.69,17574.83,East
1216,2024-06-20,56,1,1,349.88,349.88,West
1217,2024-09-15,76,15,9,2404.15,21637.35,Central
1218,2024-06-13,47,2,8,1449.1,11592.8,West
1219,2024-11-28,95,15,9,2404.15,21637.35,East
1220,2024-05-16,5,15,10,2404.15,24041.5,East
1221,2024-08-18,84,2,2,1449.1,2898.2,Central
1222,2024-08-04,74,11,1,1149.56,1149.56,South
1223,2024-04-24,51,15,5,2404.15,12020.75,South
1224,2024-04-14,38,3,2,2346.24,4692.48,South
1225,2024-11-14,20,10,7,2510.69,17574.83,North
1226,2024-10-11,20,1,9,349.88,3148.92,South
1227,2024-01-30,78,11,9,1149.56,10346.04,North
1228,2024-09-22,13,11,1,1149.56,1149.56,North
1229,2024-11-06,68,8,3,1125.89,3377.67,North
1230,2024-10-17,5,2,9,1449.1,13041.9,West
1231,2024-05-29,87,4,4,192.66,770.64,South
1232,2024-04-12,68,7,10,2617.54,26175.4,East
1233,2024-10-12,21,3,6,2346.24,14077.44,Central
1234,2024-07-04,95,10,2,2510.69,5021.38,West
1235,2024-03-03,66,13,1,357.54,357.54,North
1236,2024-07-04,54,10,5,2510.69,12553.45,West
1237,2024-05-10,94,15,8,2404.15,19233.2,West
1238,2024-04-23,91,8,10,1125.89,11258.9,South
1239,2024-06-15,40,15,6,2404.15,14424.9,North
1240,2024-01-10,76,8,8,1125.89,9007.12,South
1241,2024-08-26,14,14,10,1021.0,10210.0,South
1242,2024-05-14,58,2,3,1449.1,4347.3,East
1243,2024-01-08,32,3,2,2346.24,4692.48,Central
1244,2024-05-06,54,5,7,996.71,6976.97,South
1245,2024-05-13,65,6,8,1900.29,15202.32,East
1246,2024-01-31,23,11,7,1149.56,8046.92,South
1247,2024-10-16,84,10,4,2510.69,10042.76,South
1248,2024-04-26,54,13,9,357.54,3217.86,North
1249,2024-12-11,59,1,5,349.88,1749.4,East
1250,2024-04-13,60,7,2,2617.54,5235.08,South
1251,2024-08-27,77,7,8,2617.54,20940.32,North
1252,2024-10-14,81,2,10,1449.1,14491.0,Central
1253,2024-06-02,50,9,1,1057.98,1057.98,East
1254,2024-11-30,6,7,3,2617.54,7852.62,Central
1255,2024-03-10,20,8,2,1125.89,2251.78,East
1256,2024-07-28,50,3,9,2346.24,21116.16,West
1257,2024-02-02,95,9,6,1057.98,6347.88,Central
1258,2024-10-25,4,12,7,2154.78,15083.46,North
1259,2024-01-07,16,12,3,2154.78,6464.34,North
1260,2024-07-13,66,2,6,1449.1,8694.6,Central
1261,2024-07-31,31,3,6,2346.24,14077.44,South
1262,2024-02-09,21,8,5,1125.89,5629.45,Central
1263,2024-08-28,32,10,1,2510.69,2510.69,Central
1264,2024-04-26,76,6,7,1900.29,13302.03,South
1265,2024-07-08,14,10,7,2510.69,17574.83,South
1266,2024-11-22,49,2,4,1449.1,5796.4,South
1267,2024-03-29,96,13,5,357.54,1787.7,West
1268,2024-08-09,33,11,4,1149.56,4598.24,West
1269,2024-11-27,75,12,5,2154.78,10773.9,West
1270,2024-06-20,34,3,6,2346.24,14077.44,East
1271,2024-10-12,11,4,8,192.66,1541.28,West
1272,2024-04-02,64,10,9,2510.69,22596.21,South
1273,2024-05-14,73,2,6,1449.1,8694.6,East
1274,2024-02-20,1,14,7,1021.0,7147.0,South
1275,2024-05-02,8,2,6,1449.1,8694.6,South
1276,2024-02-25,89,2,8,1449.1,11592.8,East
1277,2024-01-28,26,5,1,996.71,996.71,South
1278,2024-02-19,58,6,5,1900.29,9501.45,South
1279,2024-08-16,47,11,8,1149.56,9196.48,North
1280,2024-01-05,7,15,3,2404.15,7212.45,North
1281,2024-01-04,73,9,10,1057.98,10579.8,Central
1282,2024-09-16,96,9,8,1057.98,8463.84,North
1283,2024-03-01,21,2,5,1449.1,7245.5,East
1284,2024-03-11,56,8,1,1125.89,1125.89,South
1285,2024-07-12,62,2,2,1449.1,2898.2,Central
1286,2024-11-19,15,12,4,2154.78,8619.12,West
1287,2024-05-03,53,14,5,1021.0,5105.0,West
1288,2024-11-02,8,15,3,2404.15,7212.45,Central
1289,2024-11-28,38,10,5,2510.69,12553.45,Central
1290,2024-08-18,81,10,4,2510.69,10042.76,North
1291,2024-10-25,29,4,7,192.66,1348.62,East
1292,2024-11-23,10,14,10,1021.0,10210.0,South
1293,2024-11-27,61,1,10,349.88,3498.8,South
1294,2024-06-19,12,12,9,2154.78,19393.02,Central
1295,2024-05-26,91,4,9,192.66,1733.94,North
1296,2024-11-29,72,3,8,2346.24,18769.92,West
1297,2024-07-08,84,1,5,349.88,1749.4,East
1298,2024-06-29,74,2,10,1449.1,14491.0,East
1299,2024-09-26,37,6,9,1900.29,17102.61,East
1300,2024-04-19,66,6,7,1900.29,13302.03,South
1301,2024-11-19,79,14,2,1021.0,2042.0,Central
1302,2024-08-05,64,11,9,1149.56,10346.04,South
1303,2024-12-25,40,4,9,192.66,1733.94,North
1304,2024-01-30,17,15,5,2404.15,12020.75,West
1305,2024-01-02,83,12,2,2154.78,4309.56,South
1306,2024-09-30,55,11,4,1149.56,4598.24,Central
1307,2024-04-14,75,6,4,1900.29,7601.16,East
1308,2024-09-17,85,1,6,349.88,2099.28,Central
1309,2024-07-16,71,3,7,2346.24,16423.68,West
1310,2024-09-04,86,5,4,996.71,3986.84,Central
1311,2024-09-08,84,13,1,357.54,357.54,East
1312,2024-06-14,48,7,3,2617.54,7852.62,North
1313,2024-11-30,38,7,6,2617.54,15705.24,West
1314,2024-11-14,98,2,3,1449.1,4347.3,Central
1315,2024-07-02,50,15,7,2404.15,16829.05,Central
1316,2024-03-11,79,12,9,2154.78,19393.02,East
1317,2024-08-24,31,3,1,2346.24,2346.24,East
1318,2024-03-10,64,11,7,1149.56,8046.92,West
1319,2024-01-22,96,4,3,192.66,577.98,East
1320,2024-05-20,63,4,3,192.66,577.98,Central
1321,2024-01-16,26,4,1,192.66,192.66,Central
1322,2024-10-12,45,5,4,996.71,3986.84,South
1323,2024-09-06,4,9,5,1057.98,5289.9,East
1324,2024-12-26,56,3,1,2346.24,2346.24,West
1325,2024-08-09,44,8,4,1125.89,4503.56,Central
1326,2024-07-09,9,5,5,996.71,4983.55,South
1327,2024-01-02,70,12,1,2154.78,2154.78,West
1328,2024-11-07,4,9,10,1057.98,10579.8,South
1329,2024-02-05,84,2,2,1449.1,2898.2,South
1330,2024-01-15,65,14,1,1021.0,1021.0,South
1331,2024-02-11,52,4,10,192.66,1926.6,Central
1332,2024-04-11,76,14,10,1021.0,10210.0,Central
1333,2024-12-24,43,8,4,1125.89,4503.56,South
1334,2024-11-04,78,4,2,192.66,385.32,South
1335,2024-06-22,73,10,6,2510.69,15064.14,West
1336,2024-12-02,20,14,5,1021.0,5105.0,East
1337,2024-11-25,91,11,4,1149.56,4598.24,South
1338,2024-05-13,88,3,9,2346.24,21116.16,Central
1339,2024-02-26,58,13,8,357.54,2860.32,East
1340,2024-08-08,10,8,9,1125.89,10133.01,South
1341,2024-01-05,65,12,4,2154.78,8619.12,Central
1342,2024-04-12,74,4,5,192.66,963.3,South
1343,2024-02-09,81,11,10,1149.56,11495.6,South
1344,2024-10-11,43,7,3,2617.54,7852.62,North
1345,2024-03-14,96,11,9,1149.56,10346.04,East
1346,2024-05-07,8,3,6,2346.24,14077.44,South
1347,2024-02-23,81,6,10,1900.29,19002.9,East
1348,2024-04-07,35,7,1,2617.54,2617.54,Central
1349,2024-08-05,56,1,3,349.88,1049.64,Central
1350,2024-06-25,18,3,7,2346.24,16423.68,Central
1351,2024-05-19,22,12,6,2154.78,12928.68,North
1352,2024-02-21,8,3,9,2346.24,21116.16,Central
1353,2024-12-08,76,10,5,2510.69,12553.45,North
1354,2024-11-22,57,12,4,2154.78,8619.12,North
1355,2024-07-30,6,14,9,1021.0,9189.0,South
1356,2024-04-19,18,4,2,192.66,385.32,Central
1357,2024-02-17,35,1,8,349.88,2799.04,Central
1358,2024-03-20,94,15,1,2404.15,2404.15,South
1359,2024-10-22,69,6,8,1900.29,15202.32,South
1360,2024-05-25,62,9,2,1057.98,2115.96,West
1361,2024-06-22,57,6,6,1900.29,11401.74,South
1362,2024-10-31,87,12,9,2154.78,19393.02,Central
1363,2024-02-11,75,8,7,1125.89,7881.23,Central
1364,2024-05-13,25,4,3,192.66,577.98,East
1365,2024-05-23,38,10,3,2510.69,7532.07,North
1366,2024-04-25,39,3,1,2346.24,2346.24,South
1367,2024-05-27,10,15,4,2404.15,9616.6,South
1368,2024-10-26,90,9,6,1057.98,6347.88,North
1369,2024-04-21,10,9,5,1057.98,5289.9,Central
1370,2024-02-26,55,13,1,357.54,357.54,East
1371,2024-07-03,31,10,5,2510.69,12553.45,East
1372,2024-05-03,42,3,3,2346.24,7038.72,North
1373,2024-01-14,52,4,9,192.66,1733.94,Central
1374,2024-06-27,20,2,1,1449.1,1449.1,East
1375,2024-09-01,83,13,6,357.54,2145.24,West
1376,2024-05-18,39,6,2,1900.29,3800.58,Central
1377,2024-11-22,59,14,1,1021.0,1021.0,East
1378,2024-08-13,85,8,8,1125.89,9007.12,Central
1379,2024-02-17,55,13,5,357.54,1787.7,South
1380,2024-08-08,97,14,8,1021.0,8168.0,Central
1381,2024-01-08,79,9,1,1057.98,1057.98,West
1382,2024-06-10,78,3,2,2346.24,4692.48,North
1383,2024-08-13,75,4,1,192.66,192.66,West
1384,2024-09-24,12,15,6,2404.15,14424.9,West
1385,2024-10-23,94,12,7,2154.78,15083.46,Central
1386,2024-09-25,30,2,3,1449.1,4347.3,North
1387,2024-12-25,38,1,6,349.88,2099.28,South
1388,2024-01-07,40,7,9,2617.54,23557.86,East
1389,2024-03-08,90,15,9,2404.15,21637.35,North
1390,2024-12-12,41,10,7,2510.69,17574.83,South
1391,2024-09-09,11,11,2,1149.56,2299.12,South
1392,2024-04-28,19,9,7,1057.98,7405.86,East
1393,2024-02-08,88,4,7,192.66,1348.62,North
1394,2024-03-30,100,1,8,349.88,2799.04,South
1395,2024-07-14,26,3,9,2346.24,21116.16,North
1396,2024-10-08,15,7,10,2617.54,26175.4,West
1397,2024-07-26,40,6,10,1900.29,19002.9,North
1398,2024-06-06,66,5,7,996.71,6976.97,Central
1399,2024-05-29,83,10,9,2510.69,22596.21,North
1400,2024-02-12,81,15,7,2404.15,16829.05,North
1401,2024-02-24,39,11,4,1149.56,4598.24,West
1402,2024-06-05,5,15,5,2404.15,12020.75,East
1403,2024-05-12,99,5,10,996.71,9967.1,South
1404,2024-08-23,44,4,4,192.66,770.64,East
1405,2024-02-01,14,3,9,2346.24,21116.16,West
1406,2024-07-15,65,9,8,1057.98,8463.84,South
1407,2024-12-10,48,6,7,1900.29,13302.03,West
1408,2024-12-06,62,7,8,2617.54,20940.32,North
1409,2024-09-17,27,3,7,2346.24,16423.68,North
1410,2024-06-20,56,5,2,996.71,1993.42,North
1411,2024-09-13,53,14,9,1021.0,9189.0,South
1412,2024-10-24,23,9,7,1057.98,7405.86,South
1413,2024-10-15,97,7,8,2617.54,20940.32,West
1414,2024-12-12,86,12,4,2154.78,8619.12,North
1415,2024-04-12,55,13,6,357.54,2145.24,North
1416,2024-07-23,87,8,10,1125.89,11258.9,West
1417,2024-11-25,83,11,2,1149.56,2299.12,Central
1418,2024-07-28,69,7,5,2617.54,13087.7,East
1419,2024-06-08,89,14,10,1021.0,10210.0,West
1420,2024-08-07,93,4,9,192.66,1733.94,West
1421,2024-03-22,24,3,6,2346.24,14077.44,North
1422,2024-10-12,20,2,2,1449.1,2898.2,Central
1423,2024-06-30,89,5,6,996.71,5980.26,South
1424,2024-09-10,20,5,6,996.71,5980.26,West
1425,2024-01-31,78,12,9,2154.78,19393.02,West
1426,2024-11-30,85,14,9,1021.0,9189.0,West
1427,2024-05-15,53,7,1,2617.54,2617.54,West
1428,2024-10-26,81,15,9,2404.15,21637.35,East
1429,2024-12-29,93,12,3,2154.78,6464.34,Central
1430,2024-01-24,78,10,1,2510.69,2510.69,West
1431,2024-08-15,41,10,5,2510.69,12553.45,South
1432,2024-07-11,58,9,6,1057.98,6347.88,East
1433,2024-11-09,43,9,10,1057.98,10579.8,East
1434,2024-05-31,41,9,6,1057.98,6347.88,Central
1435,2024-01-22,11,7,6,2617.54,15705.24,North
1436,2024-05-08,91,6,1,1900.29,1900.29,East
1437,2024-02-06,88,10,8,2510.69,20085.52,Central
1438,2024-09-27,78,9,3,1057.98,3173.94,West
1439,2024-09-18,92,7,6,2617.54,15705.24,North
1440,2024-11-28,98,3,5,2346.24,11731.2,West
1441,2024-11-13,84,4,10,192.66,1926.6,South
1442,2024-05-12,37,13,8,357.54,2860.32,North
1443,2024-03-31,3,2,9,1449.1,13041.9,Central
1444,2024-10-29,45,3,8,2346.24,18769.92,South
1445,2024-01-13,83,14,1,1021.0,1021.0,North
1446,2024-07-30,39,13,7,357.54,2502.78,South
1447,2024-11-14,49,1,9,349.88,3148.92,North
1448,2024-03-09,38,10,10,2510.69,25106.9,South
1449,2024-08-28,78,5,1,996.71,996.71,East
1450,2024-10-29,26,4,1,192.66,192.66,North
1451,2024-12-30,99,1,2,349.88,699.76,West
1452,2024-04-15,50,15,4,2404.15,9616.6,West
1453,2024-05-15,42,8,6,1125.89,6755.34,East
1454,2024-05-31,86,5,9,996.71,8970.39,North
1455,2024-05-31,75,3,10,2346.24,23462.4,North
1456,2024-10-07,52,14,10,1021.0,10210.0,East
1457,2024-03-03,25,4,3,192.66,577.98,South
1458,2024-10-08,55,9,4,1057.98,4231.92,South
1459,2024-11-08,49,9,3,1057.98,3173.94,Central
1460,2024-08-01,16,10,8,2510.69,20085.52,West
1461,2024-07-31,53,2,7,1449.1,10143.7,South
1462,2024-05-25,88,4,8,192.66,1541.28,Central
1463,2024-04-19,71,9,7,1057.98,7405.86,South
1464,2024-11-22,24,5,10,996.71,9967.1,Central
1465,2024-12-05,80,3,1,2346.24,2346.24,South
1466,2024-06-01,96,12,1,2154.78,2154.78,West
1467,2024-01-30,62,9,10,1057.98,10579.8,South
1468,2024-11-04,92,10,9,2510.69,22596.21,North
1469,2024-01-23,91,8,6,1125.89,6755.34,South
1470,2024-07-20,51,10,2,2510.69,5021.38,West
1471,2024-02-09,94,5,6,996.71,5980.26,North
1472,2024-05-08,61,12,5,2154.78,10773.9,West
1473,2024-01-17,5,8,2,1125.89,2251.78,West
1474,2024-09-16,4,14,4,1021.0,4084.0,Central
1475,2024-05-09,88,10,6,2510.69,15064.14,North
1476,2024-03-29,78,12,9,2154.78,19393.02,Central
1477,2024-08-24,74,1,5,349.88,1749.4,North
1478,2024-12-18,70,12,1,2154.78,2154.78,West
1479,2024-10-07,5,5,4,996.71,3986.84,East
1480,2024-03-29,35,1,4,349.88,1399.52,North
1481,2024-02-28,10,3,8,2346.24,18769.92,Central
1482,2024-02-04,2,12,4,2154.78,8619.12,North
1483,2024-08-02,80,5,7,996.71,6976.97,South
1484,2024-11-08,87,13,6,357.54,2145.24,North
1485,2024-12-07,47,2,7,1449.1,10143.7,West
1486,2024-12-01,30,1,3,349.88,1049.64,South
1487,2024-03-16,23,4,8,192.66,1541.28,South
1488,2024-08-28,71,13,9,357.54,3217.86,East
1489,2024-09-09,86,3,10,2346.24,23462.4,Central
1490,2024-02-20,30,14,3,1021.0,3063.0,Central
1491,2024-04-10,34,2,10,1449.1,14491.0,South
1492,2024-06-10,49,2,4,1449.1,5796.4,South
1493,2024-02-27,29,13,6,357.54,2145.24,East
1494,2024-10-31,29,8,2,1125.89,2251.78,Central
1495,2024-01-13,91,15,1,2404.15,2404.15,South
1496,2024-08-24,26,8,3,1125.89,3377.67,North
1497,2024-10-29,34,15,3,2404.15,7212.45,East
1498,2024-10-15,89,10,4,2510.69,10042.76,North
1499,2024-05-13,38,13,2,357.54,715.08,South
1500,2024-10-21,8,1,2,349.88,699.76,East
1501,2024-05-13,95,1,4,349.88,1399.52,Central
1502,2024-03-30,69,8,2,1125.89,2251.78,West
1503,2024-12-13,70,10,5,2510.69,12553.45,East
1504,2024-03-17,38,3,1,2346.24,2346.24,Central
1505,2024-02-04,28,5,9,996.71,8970.39,West
1506,2024-01-10,46,8,6,1125.89,6755.34,Central
1507,2024-04-01,13,8,5,1125.89,5629.45,Central
1508,2024-07-15,49,6,10,1900.29,19002.9,East
1509,2024-04-16,15,3,6,2346.24,14077.44,South
1510,2024-01-03,31,15,10,2404.15,24041.5,North
1511,2024-02-16,91,15,2,2404.15,4808.3,North
1512,2024-09-21,55,9,1,1057.98,1057.98,Central
1513,2024-06-09,26,4,7,192.66,1348.62,North
1514,2024-08-14,76,13,8,357.54,2860.32,North
1515,2024-04-18,9,12,5,2154.78,10773.9,West
1516,2024-06-04,73,13,3,357.54,1072.62,Central
1517,2024-02-10,76,11,3,1149.56,3448.68,North
1518,2024-04-29,24,3,8,2346.24,18769.92,North
1519,2024-09-11,56,5,4,996.71,3986.84,North
1520,2024-01-29,31,12,9,2154.78,19393.02,Central
1521,2024-10-16,54,15,10,2404.15,24041.5,East
1522,2024-05-12,59,6,4,1900.29,7601.16,West
1523,2024-05-23,36,3,9,2346.24,21116.16,North
1524,2024-12-17,30,9,9,1057.98,9521.82,East
1525,2024-08-20,82,1,9,349.88,3148.92,North
1526,2024-06-10,25,6,8,1900.29,15202.32,East
1527,2024-02-19,52,9,1,1057.98,1057.98,West
1528,2024-05-19,3,8,2,1125.89,2251.78,West
1529,2024-06-16,33,7,10,2617.54,26175.4,North
1530,2024-06-03,94,4,7,192.66,1348.62,West
1531,2024-03-12,49,6,9,1900.29,17102.61,South
1532,2024-11-21,55,12,10,2154.78,21547.8,Central
1533,2024-02-09,90,6,2,1900.29,3800.58,South
1534,2024-07-16,31,15,8,2404.15,19233.2,West
1535,2024-06-04,69,9,6,1057.98,6347.88,West
1536,2024-04-15,35,14,9,1021.0,9189.0,East
1537,2024-01-04,5,12,2,2154.78,4309.56,East
1538,2024-04-29,85,7,6,2617.54,15705.24,West
1539,2024-02-16,65,3,9,2346.24,21116.16,North
1540,2024-01-25,53,7,3,2617.54,7852.62,North
1541,2024-06-01,41,4,2,192.66,385.32,West
1542,2024-11-17,8,1,7,349.88,2449.16,West
1543,2024-06-12,29,7,6,2617.54,15705.24,North
1544,2024-12-07,81,4,8,192.66,1541.28,North
1545,2024-12-03,55,7,10,2617.54,26175.4,Central
1546,2024-05-08,76,2,5,1449.1,7245.5,South
1547,2024-02-22,59,13,2,357.54,715.08,Central
1548,2024-10-10,39,3,2,2346.24,4692.48,South
1549,2024-07-26,98,7,5,2617.54,13087.7,Central
1550,2024-12-15,17,15,2,2404.15,4808.3,North
1551,2024-10-23,53,14,5,1021.0,5105.0,North
1552,2024-08-21,80,2,2,1449.1,2898.2,West
1553,2024-07-05,43,1,9,349.88,3148.92,West
1554,2024-11-15,42,11,9,1149.56,10346.04,North
1555,2024-08-14,44,3,8,2346.24,18769.92,South
1556,2024-08-31,95,5,4,996.71,3986.84,South
1557,2024-04-19,52,14,6,1021.0,6126.0,West
1558,2024-02-18,71,12,6,2154.78,12928.68,South
1559,2024-02-04,88,1,10,349.88,3498.8,East
1560,2024-01-04,97,10,7,2510.69,17574.83,Central
1561,2024-07-22,58,7,3,2617.54,7852.62,South
1562,2024-01-17,98,7,8,2617.54,20940.32,East
1563,2024-02-21,11,15,2,2404.15,4808.3,West
1564,2024-04-14,53,3,9,2346.24,21116.16,South
1565,2024-07-14,58,6,6,1900.29,11401.74,East
1566,2024-04-30,91,11,1,1149.56,1149.56,East
1567,2024-11-20,7,2,4,1449.1,5796.4,North
1568,2024-11-15,2,10,7,2510.69,17574.83,West
1569,2024-04-22,3,15,9,2404.15,21637.35,North
1570,2024-05-23,72,13,10,357.54,3575.4,East
1571,2024-09-21,90,4,6,192.66,1155.96,West
1572,2024-04-27,13,4,1,192.66,192.66,West
1573,2024-03-24,83,4,4,192.66,770.64,East
1574,2024-07-23,50,8,10,1125.89,11258.9,North
1575,2024-01-17,26,11,6,1149.56,6897.36,West
1576,2024-03-07,62,4,6,192.66,1155.96,West
1577,2024-08-23,12,8,5,1125.89,5629.45,West
1578,2024-08-20,88,14,6,1021.0,6126.0,Central
1579,2024-07-18,77,13,2,357.54,715.08,North
1580,2024-11-28,91,2,3,1449.1,4347.3,East
1581,2024-11-06,87,5,8,996.71,7973.68,West
1582,2024-06-10,11,2,6,1449.1,8694.6,Central
1583,2024-02-27,11,15,6,2404.15,14424.9,North
1584,2024-02-05,18,11,9,1149.56,10346.04,Central
1585,2024-01-10,25,12,6,2154.78,12928.68,South
1586,2024-11-24,48,13,1,357.54,357.54,Central
1587,2024-07-11,3,12,3,2154.78,6464.34,Central
1588,2024-02-10,24,11,8,1149.56,9196.48,Central
1589,2024-11-07,29,10,1,2510.69,2510.69,Central
1590,2024-12-02,2,8,9,1125.89,10133.01,East
1591,2024-03-11,96,1,7,349.88,2449.16,North
1592,2024-11-01,48,5,8,996.71,7973.68,South
1593,2024-08-21,49,4,1,192.66,192.66,East
1594,2024-03-26,35,7,3,2617.54,7852.62,Central
1595,2024-07-10,13,8,10,1125.89,11258.9,East
1596,2024-05-08,25,7,3,2617.54,7852.62,West
1597,2024-08-08,85,9,1,1057.98,1057.98,South
1598,2024-06-28,69,2,10,1449.1,14491.0,West
1599,2024-12-05,16,11,9,1149.56,10346.04,West
1600,2024-04-18,91,12,8,2154.78,17238.24,East
1601,2024-06-19,13,2,9,1449.1,13041.9,East
1602,2024-07-29,76,3,3,2346.24,7038.72,West
1603,2024-09-12,5,6,1,1900.29,1900.29,East
1604,2024-05-23,81,1,8,349.88,2799.04,West
1605,2024-11-24,2,14,9,1021.0,9189.0,South
1606,2024-05-12,46,14,10,1021.0,10210.0,West
1607,2024-05-26,35,7,10,2617.54,26175.4,South
1608,2024-02-08,24,1,7,349.88,2449.16,East
1609,2024-08-16,94,13,5,357.54,1787.7,East
1610,2024-11-07,43,6,9,1900.29,17102.61,North
1611,2024-12-21,19,7,10,2617.54,26175.4,East
1612,2024-01-03,30,5,3,996.71,2990.13,West
1613,2024-11-07,9,4,3,192.66,577.98,Central
1614,2024-09-11,24,2,2,1449.1,2898.2,East
1615,2024-03-14,57,14,7,1021.0,7147.0,Central
1616,2024-03-21,87,3,1,2346.24,2346.24,West
1617,2024-04-17,87,12,1,2154.78,2154.78,North
1618,2024-05-24,38,9,2,1057.98,2115.96,East
1619,2024-07-03,28,1,9,349.88,3148.92,North
1620,2024-12-26,51,14,8,1021.0,8168.0,North
1621,2024-09-30,93,7,2,2617.54,5235.08,East
1622,2024-09-22,24,10,10,2510.69,25106.9,North
1623,2024-07-25,14,10,4,2510.69,10042.76,Central
1624,2024-12-12,73,11,5,1149.56,5747.8,West
1625,2024-12-13,93,14,2,1021.0,2042.0,West
1626,2024-10-25,56,5,4,996.71,3986.84,West
1627,2024-07-10,97,3,5,2346.24,11731.2,East
1628,2024-11-08,94,15,8,2404.15,19233.2,South
1629,2024-10-16,98,12,10,2154.78,21547.8,West
1630,2024-03-25,81,3,8,2346.24,18769.92,West
1631,2024-12-01,40,15,5,2404.15,12020.75,West
1632,2024-03-12,64,9,5,1057.98,5289.9,South
1633,2024-01-13,32,11,1,1149.56,1149.56,Central
1634,2024-07-20,17,15,5,2404.15,12020.75,West
1635,2024-12-06,93,5,6,996.71,5980.26,North
1636,2024-10-27,35,7,3,2617.54,7852.62,Central
1637,2024-05-07,20,2,5,1449.1,7245.5,East
1638,2024-10-02,69,5,8,996.71,7973.68,South
1639,2024-03-17,86,12,8,2154.78,17238.24,Central
1640,2024-05-20,38,14,5,1021.0,5105.0,North
1641,2024-11-11,90,14,1,1021.0,1021.0,West
1642,2024-12-25,36,14,1,1021.0,1021.0,Central
1643,2024-11-23,82,4,9,192.66,1733.94,Central
1644,2024-05-09,45,4,6,192.66,1155.96,South
1645,2024-08-02,72,6,7,1900.29,13302.03,North
1646,2024-05-20,90,11,10,1149.56,11495.6,South
1647,2024-11-17,1,7,6,2617.54,15705.24,West
1648,2024-08-31,66,14,8,1021.0,8168.0,West
1649,2024-12-03,34,12,7,2154.78,15083.46,West
1650,2024-03-03,68,11,2,1149.56,2299.12,North
1651,2024-05-27,23,12,10,2154.78,21547.8,South
1652,2024-06-19,28,11,10,1149.56,11495.6,East
1653,2024-12-20,47,12,9,2154.78,19393.02,Central
1654,2024-09-27,72,1,5,349.88,1749.4,South
1655,2024-10-13,42,6,9,1900.29,17102.61,North
1656,2024-07-23,68,13,10,357.54,3575.4,Central
1657,2024-04-25,25,2,6,1449.1,8694.6,South
1658,2024-04-02,21,3,3,2346.24,7038.72,South
1659,2024-11-24,51,3,8,2346.24,18769.92,East
1660,2024-09-22,87,10,4,2510.69,10042.76,Central
1661,2024-02-06,37,3,2,2346.24,4692.48,Central
1662,2024-08-24,78,6,5,1900.29,9501.45,North
1663,2024-09-17,37,15,3,2404.15,7212.45,East
1664,2024-03-08,92,1,9,349.88,3148.92,Central
1665,2024-03-13,96,11,8,1149.56,9196.48,East
1666,2024-03-08,44,1,6,349.88,2099.28,West
1667,2024-10-11,14,14,5,1021.0,5105.0,South
1668,2024-12-26,82,2,5,1449.1,7245.5,Central
1669,2024-07-31,46,12,6,2154.78,12928.68,South
1670,2024-03-12,3,6,1,1900.29,1900.29,South
1671,2024-12-15,43,10,4,2510.69,10042.76,West
1672,2024-11-13,49,4,9,192.66,1733.94,North
1673,2024-08-19,16,8,6,1125.89,6755.34,South
1674,2024-02-18,38,12,8,2154.78,17238.24,North
1675,2024-04-16,32,4,2,192.66,385.32,Central
1676,2024-09-29,89,14,4,1021.0,4084.0,North
1677,2024-06-11,13,2,9,1449.1,13041.9,South
1678,2024-07-09,42,8,7,1125.89,7881.23,West
1679,2024-04-03,15,5,3,996.71,2990.13,North
1680,2024-01-19,20,15,1,2404.15,2404.15,East
1681,2024-05-06,36,7,7,2617.54,18322.78,South
1682,2024-10-31,33,4,9,192.66,1733.94,South
1683,2024-07-24,40,4,2,192.66,385.32,North
1684,2024-06-10,59,13,1,357.54,357.54,North
1685,2024-04-10,25,5,1,996.71,996.71,West
1686,2024-03-03,34,10,7,2510.69,17574.83,North
1687,2024-07-11,14,4,6,192.66,1155.96,South
1688,2024-03-26,26,7,2,2617.54,5235.08,Central
1689,2024-09-20,74,13,2,357.54,715.08,North
1690,2024-06-06,20,12,8,2154.78,17238.24,East
1691,2024-06-07,66,8,4,1125.89,4503.56,Central
1692,2024-10-18,50,12,8,2154.78,17238.24,East
1693,2024-01-28,31,7,10,2617.54,26175.4,Central
1694,2024-02-10,76,5,4,996.71,3986.84,East
1695,2024-11-06,92,13,1,357.54,357.54,East
1696,2024-01-21,49,6,4,1900.29,7601.16,North
1697,2024-12-09,18,4,5,192.66,963.3,West
1698,2024-11-07,55,9,2,1057.98,2115.96,West
1699,2024-11-24,59,8,5,1125.89,5629.45,Central
1700,2024-08-28,20,8,6,1125.89,6755.34,North
1701,2024-11-10,70,2,2,1449.1,2898.2,South
1702,2024-11-14,67,10,7,2510.69,17574.83,South
1703,2024-05-17,27,14,2,1021.0,2042.0,West
1704,2024-09-08,71,1,8,349.88,2799.04,Central
1705,2024-06-13,64,10,1,2510.69,2510.69,North
1706,2024-10-28,30,11,6,1149.56,6897.36,Central
1707,2024-04-25,4,11,1,1149.56,1149.56,East
1708,2024-04-16,81,15,9,2404.15,21637.35,North
1709,2024-08-14,66,15,9,2404.15,21637.35,East
1710,2024-01-26,88,8,9,1125.89,10133.01,North
1711,2024-02-28,83,13,9,357.54,3217.86,East
1712,2024-11-02,95,8,4,1125.89,4503.56,Central
1713,2024-02-10,29,15,8,2404.15,19233.2,South
1714,2024-03-13,10,15,8,2404.15,19233.2,South
1715,2024-10-14,82,12,4,2154.78,8619.12,Central
1716,2024-05-08,67,6,7,1900.29,13302.03,East
1717,2024-12-23,66,6,5,1900.29,9501.45,West
1718,2024-05-10,99,1,6,349.88,2099.28,Central
1719,2024-03-03,83,4,9,192.66,1733.94,East
1720,2024-09-25,94,1,8,349.88,2799.04,East
1721,2024-06-18,37,12,1,2154.78,2154.78,Central
1722,2024-02-25,99,6,1,1900.29,1900.29,West
1723,2024-05-03,70,3,10,2346.24,23462.4,Central
1724,2024-09-19,1,5,7,996.71,6976.97,South
1725,2024-01-21,93,1,5,349.88,1749.4,South
1726,2024-08-22,41,4,8,192.66,1541.28,Central
1727,2024-03-08,99,6,4,1900.29,7601.16,Central
1728,2024-01-20,79,15,7,2404.15,16829.05,Central
1729,2024-08-03,32,2,9,1449.1,13041.9,North
1730,2024-10-14,26,5,10,996.71,9967.1,Central
1731,2024-10-19,64,9,3,1057.98,3173.94,West
1732,2024-11-06,30,6,6,1900.29,11401.74,South
1733,2024-04-29,80,14,8,1021.0,8168.0,North
1734,2024-11-30,81,8,10,1125.89,11258.9,South
1735,2024-06-22,58,9,2,1057.98,2115.96,South
1736,2024-06-01,9,4,6,192.66,1155.96,East
1737,2024-09-13,67,10,2,2510.69,5021.38,South
1738,2024-05-03,7,12,8,2154.78,17238.24,South
1739,2024-08-10,51,10,5,2510.69,12553.45,South
1740,2024-10-24,26,9,5,1057.98,5289.9,Central
1741,2024-07-31,62,4,10,192.66,1926.6,South
1742,2024-12-16,19,7,9,2617.54,23557.86,North
1743,2024-10-29,36,1,6,349.88,2099.28,North
1744,2024-01-02,42,8,1,1125.89,1125.89,North
1745,2024-01-23,89,13,9,357.54,3217.86,West
1746,2024-08-16,42,3,9,2346.24,21116.16,West
1747,2024-06-23,39,10,9,2510.69,22596.21,Central
1748,2024-09-14,39,2,4,1449.1,5796.4,Central
1749,2024-03-16,65,3,7,2346.24,16423.68,West
1750,2024-05-26,82,7,8,2617.54,20940.32,East
1751,2024-11-29,64,1,7,349.88,2449.16,North
1752,2024-02-28,54,13,2,357.54,715.08,South
1753,2024-08-03,4,4,1,192.66,192.66,East
1754,2024-09-02,55,15,1,2404.15,2404.15,Central
1755,2024-10-11,26,1,5,349.88,1749.4,Central
1756,2024-09-04,54,15,5,2404.15,12020.75,Central
1757,2024-08-27,54,7,1,2617.54,2617.54,East
1758,2024-10-06,94,10,5,2510.69,12553.45,North
1759,2024-06-29,91,12,4,2154.78,8619.12,Central
1760,2024-06-02,1,2,7,1449.1,10143.7,South
1761,2024-02-17,5,4,10,192.66,1926.6,West
1762,2024-01-28,70,8,6,1125.89,6755.34,South
1763,2024-01-18,98,7,6,2617.54,15705.24,South
1764,2024-01-06,48,9,6,1057.98,6347.88,Central
1765,2024-06-12,13,12,7,2154.78,15083.46,West
1766,2024-09-13,85,12,6,2154.78,12928.68,Central
1767,2024-05-07,48,15,9,2404.15,21637.35,Central
1768,2024-12-25,91,9,8,1057.98,8463.84,East
1769,2024-09-22,80,8,2,1125.89,2251.78,Central
1770,2024-09-12,73,14,2,1021.0,2042.0,East
1771,2024-09-09,64,13,5,357.54,1787.7,North
1772,2024-04-03,13,2,5,1449.1,7245.5,Central
1773,2024-11-08,6,5,7,996.71,6976.97,West
1774,2024-11-06,99,4,10,192.66,1926.6,East
1775,2024-08-11,75,9,9,1057.98,9521.82,North
1776,2024-02-12,5,15,1,2404.15,2404.15,South
1777,2024-08-17,89,6,5,1900.29,9501.45,South
1778,2024-04-17,10,8,3,1125.89,3377.67,East
1779,2024-05-07,82,11,4,1149.56,4598.24,West
1780,2024-05-31,13,14,8,1021.0,8168.0,South
1781,2024-06-23,47,8,1,1125.89,1125.89,West
1782,2024-06-04,83,5,2,996.71,1993.42,Central
1783,2024-10-27,69,15,6,2404.15,14424.9,South
1784,2024-06-27,59,2,4,1449.1,5796.4,West
1785,2024-08-25,55,14,3,1021.0,3063.0,East
1786,2024-03-18,57,4,3,192.66,577.98,East
1787,2024-02-20,11,10,10,2510.69,25106.9,West
1788,2024-01-18,5,6,7,1900.29,13302.03,North
1789,2024-10-12,45,14,4,1021.0,4084.0,Central
1790,2024-07-13,95,9,4,1057.98,4231.92,North
1791,2024-10-20,60,14,1,1021.0,1021.0,South
1792,2024-05-13,45,11,5,1149.56,5747.8,South
1793,2024-02-16,34,1,8,349.88,2799.04,South
1794,2024-08-08,10,6,1,1900.29,1900.29,South
1795,2024-12-20,92,1,5,349.88,1749.4,North
1796,2024-10-20,38,2,7,1449.1,10143.7,South
1797,2024-03-26,94,14,10,1021.0,10210.0,North
1798,2024-04-30,17,11,10,1149.56,11495.6,East
1799,2024-11-09,80,5,2,996.71,1993.42,North
1800,2024-04-07,67,5,4,996.71,3986.84,Central
1801,2024-09-19,23,3,4,2346.24,9384.96,East
1802,2024-01-10,35,1,10,349.88,3498.8,West
1803,2024-11-02,45,2,9,1449.1,13041.9,North
1804,2024-07-19,16,9,9,1057.98,9521.82,West
1805,2024-10-02,35,1,10,349.88,3498.8,West
1806,2024-04-09,25,2,9,1449.1,13041.9,West
1807,2024-09-23,54,15,5,2404.15,12020.75,East
1808,2024-09-25,32,15,6,2404.15,14424.9,South
1809,2024-06-25,9,15,10,2404.15,24041.5,Central
1810,2024-08-08,28,4,8,192.66,1541.28,South
1811,2024-04-18,35,10,10,2510.69,25106.9,North
1812,2024-09-09,97,11,5,1149.56,5747.8,North
1813,2024-08-06,67,3,10,2346.24,23462.4,South
1814,2024-05-11,65,1,8,349.88,2799.04,South
1815,2024-03-31,21,5,2,996.71,1993.42,North
1816,2024-11-26,88,7,7,2617.54,18322.78,West
1817,2024-01-16,28,6,9,1900.29,17102.61,North
1818,2024-07-15,66,15,1,2404.15,2404.15,South
1819,2024-10-21,69,11,1,1149.56,1149.56,West
1820,2024-08-16,41,3,10,2346.24,23462.4,South
1821,2024-09-29,70,14,5,1021.0,5105.0,East
1822,2024-05-22,6,9,6,1057.98,6347.88,East
1823,2024-10-07,20,15,10,2404.15,24041.5,East
1824,2024-04-13,80,15,9,2404.15,21637.35,East
1825,2024-08-28,29,11,8,1149.56,9196.48,East
1826,2024-04-28,61,12,6,2154.78,12928.68,East
1827,2024-03-29,86,1,8,349.88,2799.04,South
1828,2024-10-30,69,15,4,2404.15,9616.6,South
1829,2024-01-19,99,4,5,192.66,963.3,Central
1830,2024-11-02,44,7,8,2617.54,20940.32,East
1831,2024-01-29,99,15,9,2404.15,21637.35,East
1832,2024-09-16,39,9,10,1057.98,10579.8,West
1833,2024-05-18,87,8,6,1125.89,6755.34,West
1834,2024-09-20,52,13,3,357.54,1072.62,Central
1835,2024-10-02,51,14,3,1021.0,3063.0,South
1836,2024-12-15,22,6,1,1900.29,1900.29,South
1837,2024-08-17,2,2,9,1449.1,13041.9,South
1838,2024-03-14,61,15,4,2404.15,9616.6,West
1839,2024-10-08,85,7,7,2617.54,18322.78,East
1840,2024-04-16,28,2,2,1449.1,2898.2,East
1841,2024-01-22,51,14,9,1021.0,9189.0,South
1842,2024-12-26,92,2,9,1449.1,13041.9,Central
1843,2024-12-29,39,15,4,2404.15,9616.6,Central
1844,2024-01-16,63,5,3,996.71,2990.13,Central
1845,2024-10-21,38,4,2,192.66,385.32,South
1846,2024-10-05,93,3,10,2346.24,23462.4,West
1847,2024-03-23,80,15,6,2404.15,14424.9,Central
1848,2024-02-17,56,6,1,1900.29,1900.29,West
1849,2024-12-03,46,7,1,2617.54,2617.54,South
1850,2024-07-25,59,5,5,996.71,4983.55,North
1851,2024-09-01,30,12,2,2154.78,4309.56,West
1852,2024-08-16,33,1,5,349.88,1749.4,South
1853,2024-12-29,99,13,3,357.54,1072.62,West
1854,2024-03-06,82,6,4,1900.29,7601.16,South
1855,2024-09-30,50,4,1,192.66,192.66,Central
1856,2024-07-20,15,9,9,1057.98,9521.82,South
1857,2024-02-22,86,13,8,357.54,2860.32,South
1858,2024-05-20,2,11,1,1149.56,1149.56,North
1859,2024-02-09,17,1,7,349.88,2449.16,East
1860,2024-08-11,73,1,2,349.88,699.76,North
1861,2024-04-15,82,12,1,2154.78,2154.78,East
1862,2024-12-14,48,8,2,1125.89,2251.78,Central
1863,2024-08-12,77,3,10,2346.24,23462.4,South
1864,2024-11-27,76,6,3,1900.29,5700.87,East
1865,2024-11-18,42,10,7,2510.69,17574.83,Central
1866,2024-01-31,100,4,6,192.66,1155.96,North
1867,2024-06-15,6,1,4,349.88,1399.52,East
1868,2024-01-23,82,14,6,1021.0,6126.0,North
1869,2024-11-10,53,8,8,1125.89,9007.12,South
1870,2024-11-01,69,7,10,2617.54,26175.4,Central
1871,2024-07-04,95,15,6,2404.15,14424.9,South
1872,2024-10-21,80,12,4,2154.78,8619.12,South
1873,2024-11-10,16,8,6,1125.89,6755.34,Central
1874,2024-07-26,20,1,8,349.88,2799.04,Central
1875,2024-08-27,6,14,4,1021.0,4084.0,Central
1876,2024-09-15,83,7,3,2617.54,7852.62,East
1877,2024-04-15,90,14,2,1021.0,2042.0,Central
1878,2024-03-10,48,5,10,996.71,9967.1,East
1879,2024-05-27,54,6,5,1900.29,9501.45,East
1880,2024-04-12,61,1,9,349.88,3148.92,West
1881,2024-12-15,39,14,8,1021.0,8168.0,Central
1882,2024-10-27,88,8,8,1125.89,9007.12,Central
1883,2024-03-28,42,5,2,996.71,1993.42,North
1884,2024-10-03,98,11,10,1149.56,11495.6,West
1885,2024-09-22,68,5,2,996.71,1993.42,South
1886,2024-06-12,57,13,7,357.54,2502.78,North
1887,2024-03-13,70,3,3,2346.24,7038.72,South
1888,2024-02-24,21,14,4,1021.0,4084.0,West
1889,2024-08-29,48,3,3,2346.24,7038.72,West
1890,2024-11-25,45,15,10,2404.15,24041.5,West
1891,2024-01-02,68,10,1,2510.69,2510.69,Central
1892,2024-02-28,33,3,4,2346.24,9384.96,Central
1893,2024-08-19,93,14,5,1021.0,5105.0,Central
1894,2024-11-15,76,11,9,1149.56,10346.04,Central
1895,2024-12-04,44,13,4,357.54,1430.16,South
1896,2024-04-10,21,7,3,2617.54,7852.62,Central
1897,2024-01-16,24,4,10,192.66,1926.6,South
1898,2024-04-07,70,3,4,2346.24,9384.96,Central
1899,2024-02-29,27,6,10,1900.29,19002.9,North
1900,2024-09-24,1,8,1,1125.89,1125.89,South
1901,2024-05-11,90,4,10,192.66,1926.6,West
1902,2024-10-07,97,11,7,1149.56,8046.92,North
1903,2024-06-23,21,14,6,1021.0,6126.0,Central
1904,2024-12-01,4,5,7,996.71,6976.97,North
1905,2024-07-07,53,2,2,1449.1,2898.2,South
1906,2024-09-20,80,5,6,996.71,5980.26,North
1907,2024-03-29,54,10,10,2510.69,25106.9,East
1908,2024-09-11,94,4,7,192.66,1348.62,South
1909,2024-11-24,28,7,3,2617.54,7852.62,Central
1910,2024-06-17,64,7,5,2617.54,13087.7,West
1911,2024-10-19,93,1,3,349.88,1049.64,North
1912,2024-06-18,13,15,2,2404.15,4808.3,Central
1913,2024-01-09,44,4,5,192.66,963.3,North
1914,2024-09-04,28,10,2,2510.69,5021.38,South
1915,2024-11-06,98,1,3,349.88,1049.64,East
1916,2024-06-02,92,15,10,2404.15,24041.5,East
1917,2024-09-26,28,13,5,357.54,1787.7,North
1918,2024-03-10,8,7,2,2617.54,5235.08,West
1919,2024-02-17,54,8,4,1125.89,4503.56,Central
1920,2024-05-10,45,14,2,1021.0,2042.0,Central
1921,2024-03-25,30,15,3,2404.15,7212.45,North
1922,2024-02-26,32,4,10,192.66,1926.6,North
1923,2024-03-07,20,14,3,1021.0,3063.0,East
1924,2024-04-11,96,4,5,192.66,963.3,East
1925,2024-10-30,87,14,9,1021.0,9189.0,West
1926,2024-01-05,91,8,5,1125.89,5629.45,North
1927,2024-08-25,11,3,10,2346.24,23462.4,South
1928,2024-07-05,44,14,8,1021.0,8168.0,Central
1929,2024-05-20,13,6,3,1900.29,5700.87,North
1930,2024-03-24,76,5,9,996.71,8970.39,East
1931,2024-02-05,92,4,6,192.66,1155.96,West
1932,2024-02-15,89,13,6,357.54,2145.24,South
1933,2024-08-20,56,2,2,1449.1,2898.2,East
1934,2024-11-22,55,7,10,2617.54,26175.4,South
1935,2024-09-19,19,13,8,357.54,2860.32,West
1936,2024-02-18,73,13,6,357.54,2145.24,West
1937,2024-10-10,76,4,3,192.66,577.98,North
1938,2024-04-03,17,2,10,1449.1,14491.0,North
1939,2024-01-29,21,15,8,2404.15,19233.2,West
1940,2024-03-09,22,3,7,2346.24,16423.68,Central
1941,2024-04-02,26,14,4,1021.0,4084.0,South
1942,2024-09-08,55,11,7,1149.56,8046.92,Central
1943,2024-01-22,21,6,6,1900.29,11401.74,Central
1944,2024-03-11,17,15,3,2404.15,7212.45,Central
1945,2024-04-17,80,2,1,1449.1,1449.1,South
1946,2024-07-25,80,1,4,349.88,1399.52,South
1947,2024-08-25,33,15,7,2404.15,16829.05,East
1948,2024-02-03,14,5,10,996.71,9967.1,West
1949,2024-05-27,14,6,4,1900.29,7601.16,Central
1950,2024-12-01,36,2,6,1449.1,8694.6,South
1951,2024-09-10,84,15,10,2404.15,24041.5,East
1952,2024-06-02,80,12,6,2154.78,12928.68,South
1953,2024-04-17,67,7,4,2617.54,10470.16,South
1954,2024-03-07,24,6,10,1900.29,19002.9,Central
1955,2024-06-07,57,4,5,192.66,963.3,South
1956,2024-03-11,95,2,6,1449.1,8694.6,East
1957,2024-11-15,24,6,5,1900.29,9501.45,North
1958,2024-03-07,47,2,2,1449.1,2898.2,Central
1959,2024-08-10,66,10,1,2510.69,2510.69,West
1960,2024-07-11,89,14,9,1021.0,9189.0,East
1961,2024-12-05,75,8,2,1125.89,2251.78,Central
1962,2024-12-19,30,11,1,1149.56,1149.56,West
1963,2024-10-05,99,3,3,2346.24,7038.72,West
1964,2024-04-16,52,1,8,349.88,2799.04,West
1965,2024-03-04,89,14,3,1021.0,3063.0,East
1966,2024-08-10,86,6,2,1900.29,3800.58,East
1967,2024-11-20,50,12,10,2154.78,21547.8,Central
1968,2024-03-19,32,10,7,2510.69,17574.83,South
1969,2024-10-27,27,6,5,1900.29,9501.45,South
1970,2024-02-21,43,1,3,349.88,1049.64,Central
1971,2024-11-29,64,15,9,2404.15,21637.35,Central
1972,2024-08-11,85,15,8,2404.15,19233.2,East
1973,2024-10-29,53,5,9,996.71,8970.39,South
1974,2024-08-17,83,8,8,1125.89,9007.12,East
1975,2024-04-02,52,9,4,1057.98,4231.92,West
1976,2024-02-12,54,3,4,2346.24,9384.96,Central
1977,2024-03-24,54,5,7,996.71,6976.97,West
1978,2024-09-24,26,14,1,1021.0,1021.0,West
1979,2024-06-07,67,9,8,1057.98,8463.84,North
1980,2024-03-18,13,2,6,1449.1,8694.6,East
1981,2024-10-21,17,8,8,1125.89,9007.12,East
1982,2024-07-31,29,9,4,1057.98,4231.92,South
1983,2024-11-21,3,2,5,1449.1,7245.5,Central
1984,2024-10-06,42,2,2,1449.1,2898.2,South
1985,2024-05-30,6,14,6,1021.0,6126.0,West
1986,2024-09-23,72,13,5,357.54,1787.7,East
1987,2024-06-11,43,12,8,2154.78,17238.24,West
1988,2024-09-09,83,12,7,2154.78,15083.46,East
1989,2024-08-02,7,12,6,2154.78,12928.68,East
1990,2024-12-06,38,3,9,2346.24,21116.16,South
1991,2024-03-03,44,7,7,2617.54,18322.78,East
1992,2024-08-02,37,1,8,349.88,2799.04,West
1993,2024-10-19,91,1,7,349.88,2449.16,Central
1994,2024-06-29,46,13,7,357.54,2502.78,Central
1995,2024-08-22,90,13,8,357.54,2860.32,Central
1996,2024-08-05,50,9,1,1057.98,1057.98,North
1997,2024-10-05,9,13,4,357.54,1430.16,South
1998,2024-10-19,44,7,7,2617.54,18322.78,East
1999,2024-02-23,42,13,1,357.54,357.54,North
2000,2024-06-10,67,6,5,1900.29,9501.45,Central
